id,household_id,name,category,is_healthy,description,prep_time,cook_time,servings,difficulty,meat_type,cuisine_category,ingredients,instructions,nutrition,tags
"r001","clara-pascal","Spaghetti Bolognese","Abendessen","false","Der zeitlose Klassiker mit Rinderhack und Tomatensoße.","15","40","2","einfach","rind","klassiker","[{""name"":""Spaghetti"",""amount"":250,""unit"":""g"",""category"":""getreide""},{""name"":""Rinderhackfleisch"",""amount"":300,""unit"":""g"",""category"":""fleisch""},{""name"":""Tomaten (Dose)"",""amount"":400,""unit"":""g"",""category"":""gemuese""},{""name"":""Zwiebel"",""amount"":1,""unit"":""Stück"",""category"":""gemuese""},{""name"":""Knoblauch"",""amount"":2,""unit"":""Zehen"",""category"":""gewuerze""},{""name"":""Tomatenmark"",""amount"":2,""unit"":""EL"",""category"":""gemuese""},{""name"":""Olivenöl"",""amount"":2,""unit"":""EL"",""category"":""sonstiges""},{""name"":""Oregano"",""amount"":1,""unit"":""TL"",""category"":""gewuerze""},{""name"":""Basilikum"",""amount"":1,""unit"":""Bund"",""category"":""gewuerze""}]","[""Zwiebel und Knoblauch fein würfeln und in Olivenöl anbraten."",""Rinderhack hinzufügen und krümelig braten."",""Tomatenmark einrühren, dann Dosentomaten und Gewürze zugeben."",""30 Min. köcheln lassen. Spaghetti kochen und mit Soße servieren.""]","{""calories"":520,""protein"":32,""carbs"":58,""fat"":18,""fiber"":6}","[""klassiker"",""pasta"",""rind""]"
"r002","clara-pascal","Nudeln mit Tomatensoße","Abendessen","true","Einfache, gesunde Tomatensoße über Penne.","10","25","2","einfach","keins","klassiker","[{""name"":""Penne"",""amount"":250,""unit"":""g"",""category"":""getreide""},{""name"":""Tomaten (Dose)"",""amount"":400,""unit"":""g"",""category"":""gemuese""},{""name"":""Knoblauch"",""amount"":3,""unit"":""Zehen"",""category"":""gewuerze""},{""name"":""Olivenöl"",""amount"":3,""unit"":""EL"",""category"":""sonstiges""},{""name"":""Basilikum"",""amount"":1,""unit"":""Bund"",""category"":""gewuerze""},{""name"":""Zucker"",""amount"":1,""unit"":""Prise"",""category"":""sonstiges""}]","[""Knoblauch in Olivenöl andünsten."",""Tomaten zugeben, würzen und 20 Min. köcheln."",""Penne al dente kochen, mit Soße und Basilikum servieren.""]","{""calories"":380,""protein"":12,""carbs"":62,""fat"":10,""fiber"":5}","[""vegetarisch"",""pasta"",""schnell""]"
"r003","clara-pascal","Geschnetzeltes mit Reis","Abendessen","false","Zartes Hähnchengeschnetzeltes in Sahnesoße mit Basmatireis.","15","25","2","einfach","haehnchen","klassiker","[{""name"":""Hähnchenbrust"",""amount"":400,""unit"":""g"",""category"":""fleisch""},{""name"":""Basmatireis"",""amount"":200,""unit"":""g"",""category"":""getreide""},{""name"":""Sahne"",""amount"":150,""unit"":""ml"",""category"":""milchprodukte""},{""name"":""Zwiebel"",""amount"":1,""unit"":""Stück"",""category"":""gemuese""},{""name"":""Paprika"",""amount"":1,""unit"":""Stück"",""category"":""gemuese""},{""name"":""Brühe"",""amount"":100,""unit"":""ml"",""category"":""sonstiges""},{""name"":""Petersilie"",""amount"":1,""unit"":""Bund"",""category"":""gewuerze""}]","[""Reis kochen. Hähnchen in Streifen schneiden."",""Zwiebel und Paprika anbraten, Hähnchen zugeben und braten."",""Sahne und Brühe einrühren, 10 Min. köcheln."",""Mit Petersilie bestreuen und mit Reis servieren.""]","{""calories"":480,""protein"":38,""carbs"":45,""fat"":16,""fiber"":3}","[""klassiker"",""haehnchen"",""reis""]"
"r004","clara-pascal","Hähnchensalat mit Gurke","Abendessen","true","Leichter, proteinreicher Salat mit gegrilltem Hähnchen.","20","15","2","einfach","haehnchen","salat","[{""name"":""Hähnchenbrust"",""amount"":300,""unit"":""g"",""category"":""fleisch""},{""name"":""Salat (gemischt)"",""amount"":150,""unit"":""g"",""category"":""gemuese""},{""name"":""Gurke"",""amount"":1,""unit"":""Stück"",""category"":""gemuese""},{""name"":""Tomaten"",""amount"":2,""unit"":""Stück"",""category"":""gemuese""},{""name"":""Olivenöl"",""amount"":3,""unit"":""EL"",""category"":""sonstiges""},{""name"":""Zitronensaft"",""amount"":2,""unit"":""EL"",""category"":""obst""},{""name"":""Honig"",""amount"":1,""unit"":""TL"",""category"":""sonstiges""}]","[""Hähnchen würzen und in der Pfanne braten, dann in Streifen schneiden."",""Salat, Gurke und Tomaten vorbereiten."",""Dressing aus Olivenöl, Zitronensaft und Honig mixen."",""Alles vermengen und servieren.""]","{""calories"":320,""protein"":35,""carbs"":12,""fat"":16,""fiber"":4}","[""salat"",""haehnchen"",""gesund""]"
"r005","clara-pascal","Rindersteak mit Kartoffeln","Abendessen","false","Saftiges Rindersteak mit Ofenkartoffeln und Kräuterbutter.","15","35","2","einfach","rind","ofen","[{""name"":""Rindersteak"",""amount"":400,""unit"":""g"",""category"":""fleisch""},{""name"":""Kartoffeln"",""amount"":500,""unit"":""g"",""category"":""getreide""},{""name"":""Rosmarin"",""amount"":2,""unit"":""Zweige"",""category"":""gewuerze""},{""name"":""Butter"",""amount"":40,""unit"":""g"",""category"":""milchprodukte""},{""name"":""Knoblauch"",""amount"":2,""unit"":""Zehen"",""category"":""gewuerze""},{""name"":""Olivenöl"",""amount"":3,""unit"":""EL"",""category"":""sonstiges""}]","[""Kartoffeln halbieren, mit Öl und Rosmarin im Ofen 30 Min. backen."",""Steaks bei hoher Hitze 3-4 Min. pro Seite braten."",""Kräuterbutter aus Butter und Knoblauch formen."",""Steak mit Butter und Kartoffeln servieren.""]","{""calories"":580,""protein"":42,""carbs"":38,""fat"":28,""fiber"":4}","[""rind"",""ofen"",""kartoffeln""]"
"r006","clara-pascal","Schweineschnitzel Wiener Art","Abendessen","false","Knuspriges paniertes Schnitzel mit Zitrone.","20","15","2","einfach","schwein","pfanne","[{""name"":""Schweineschnitzel"",""amount"":400,""unit"":""g"",""category"":""fleisch""},{""name"":""Paniermehl"",""amount"":100,""unit"":""g"",""category"":""getreide""},{""name"":""Eier"",""amount"":2,""unit"":""Stück"",""category"":""milchprodukte""},{""name"":""Mehl"",""amount"":50,""unit"":""g"",""category"":""getreide""},{""name"":""Zitrone"",""amount"":1,""unit"":""Stück"",""category"":""obst""},{""name"":""Butter"",""amount"":60,""unit"":""g"",""category"":""milchprodukte""}]","[""Schnitzel klopfen und würzen."",""Mehl, Ei, Paniermehl – nacheinander panieren."",""In Butter goldbraun braten."",""Mit Zitronenspalten servieren.""]","{""calories"":520,""protein"":40,""carbs"":28,""fat"":26,""fiber"":1}","[""schwein"",""klassiker""]"
"r007","clara-pascal","Kartoffelgratin","Abendessen","true","Cremiger Kartoffelauflauf mit Käsekruste.","20","45","2","einfach","keins","auflauf","[{""name"":""Kartoffeln"",""amount"":600,""unit"":""g"",""category"":""getreide""},{""name"":""Sahne"",""amount"":200,""unit"":""ml"",""category"":""milchprodukte""},{""name"":""Gruyère"",""amount"":150,""unit"":""g"",""category"":""milchprodukte""},{""name"":""Knoblauch"",""amount"":2,""unit"":""Zehen"",""category"":""gewuerze""},{""name"":""Muskat"",""amount"":1,""unit"":""Prise"",""category"":""gewuerze""}]","[""Kartoffeln in dünne Scheiben schneiden."",""Mit Sahne, Knoblauch und Muskat schichten."",""Käse darüber streuen und 45 Min. backen.""]","{""calories"":420,""protein"":14,""carbs"":48,""fat"":20,""fiber"":5}","[""vegetarisch"",""auflauf"",""kartoffeln""]"
"r008","clara-pascal","Hähnchen-Wrap mit Paprika","Abendessen","true","Frischer Wrap mit gegrilltem Hähnchen und Gemüse.","15","12","2","einfach","haehnchen","wrap","[{""name"":""Hähnchenbrust"",""amount"":300,""unit"":""g"",""category"":""fleisch""},{""name"":""Tortilla-Wraps"",""amount"":4,""unit"":""Stück"",""category"":""getreide""},{""name"":""Paprika"",""amount"":1,""unit"":""Stück"",""category"":""gemuese""},{""name"":""Salat"",""amount"":80,""unit"":""g"",""category"":""gemuese""},{""name"":""Tomaten"",""amount"":2,""unit"":""Stück"",""category"":""gemuese""},{""name"":""Joghurt"",""amount"":100,""unit"":""g"",""category"":""milchprodukte""}]","[""Hähnchen würzen und in Streifen braten."",""Paprika und Tomaten schneiden."",""Wraps mit Joghurt, Salat, Gemüse und Hähnchen füllen."",""Einrollen und halbieren.""]","{""calories"":380,""protein"":32,""carbs"":35,""fat"":12,""fiber"":4}","[""wrap"",""haehnchen"",""schnell""]"
"r009","clara-pascal","Rinderhack-Pfanne mit Nudeln","Abendessen","false","Würzige Hackfleischpfanne mit Paprika und Nudeln.","15","25","2","einfach","rind","pfanne","[{""name"":""Rinderhackfleisch"",""amount"":350,""unit"":""g"",""category"":""fleisch""},{""name"":""Fusilli"",""amount"":250,""unit"":""g"",""category"":""getreide""},{""name"":""Paprika"",""amount"":2,""unit"":""Stück"",""category"":""gemuese""},{""name"":""Tomaten"",""amount"":3,""unit"":""Stück"",""category"":""gemuese""},{""name"":""Zwiebel"",""amount"":1,""unit"":""Stück"",""category"":""gemuese""},{""name"":""Paprikapulver"",""amount"":1,""unit"":""TL"",""category"":""gewuerze""}]","[""Nudeln kochen. Hackfleisch anbraten."",""Zwiebel und Paprika zugeben, würzen."",""Tomaten hinzufügen und 10 Min. köcheln."",""Mit Nudeln servieren.""]","{""calories"":510,""protein"":34,""carbs"":52,""fat"":18,""fiber"":5}","[""rind"",""pfanne"",""pasta""]"
"r010","clara-pascal","Gurkensalat mit Dill","Abendessen","true","Erfrischender Sommersalat mit saurer Note.","10","0","2","einfach","keins","salat","[{""name"":""Gurke"",""amount"":2,""unit"":""Stück"",""category"":""gemuese""},{""name"":""Saure Sahne"",""amount"":150,""unit"":""g"",""category"":""milchprodukte""},{""name"":""Dill"",""amount"":1,""unit"":""Bund"",""category"":""gewuerze""},{""name"":""Essig"",""amount"":1,""unit"":""EL"",""category"":""sonstiges""},{""name"":""Zucker"",""amount"":1,""unit"":""TL"",""category"":""sonstiges""}]","[""Gurken in dünne Scheiben hobeln."",""Saure Sahne mit Essig, Zucker und Dill verrühren."",""Gurken unterheben und 30 Min. ziehen lassen.""]","{""calories"":120,""protein"":3,""carbs"":10,""fat"":8,""fiber"":2}","[""salat"",""vegetarisch"",""beilage""]"
"r011","clara-pascal","Penne Arrabbiata","Abendessen","true","Scharfe Tomatensoße mit Knoblauch und Chili.","10","20","2","einfach","keins","pasta","[{""name"":""Penne"",""amount"":250,""unit"":""g"",""category"":""getreide""},{""name"":""Tomaten (Dose)"",""amount"":400,""unit"":""g"",""category"":""gemuese""},{""name"":""Knoblauch"",""amount"":4,""unit"":""Zehen"",""category"":""gewuerze""},{""name"":""Chiliflocken"",""amount"":1,""unit"":""TL"",""category"":""gewuerze""},{""name"":""Olivenöl"",""amount"":3,""unit"":""EL"",""category"":""sonstiges""},{""name"":""Petersilie"",""amount"":1,""unit"":""Bund"",""category"":""gewuerze""}]","[""Knoblauch und Chili in Öl anbraten."",""Tomaten zugeben und 15 Min. einkochen."",""Penne kochen und mit Soße vermengen.""]","{""calories"":390,""protein"":12,""carbs"":64,""fat"":10,""fiber"":5}","[""pasta"",""vegetarisch"",""scharf""]"
"r012","clara-pascal","Tagliatelle mit Rinder-Ragù","Abendessen","false","Langsam geschmortes Rindfleisch-Ragù über breite Nudeln.","20","120","2","anspruchsvoll","rind","pasta","[{""name"":""Tagliatelle"",""amount"":250,""unit"":""g"",""category"":""getreide""},{""name"":""Rindergulasch"",""amount"":500,""unit"":""g"",""category"":""fleisch""},{""name"":""Tomaten (Dose)"",""amount"":400,""unit"":""g"",""category"":""gemuese""},{""name"":""Rotwein"",""amount"":150,""unit"":""ml"",""category"":""getraenke""},{""name"":""Karotten"",""amount"":2,""unit"":""Stück"",""category"":""gemuese""},{""name"":""Sellerie"",""amount"":2,""unit"":""Stangen"",""category"":""gemuese""},{""name"":""Zwiebel"",""amount"":1,""unit"":""Stück"",""category"":""gemuese""}]","[""Fleisch scharf anbraten, Gemüse zugeben."",""Rotwein und Tomaten hinzufügen."",""2 Stunden langsam schmoren."",""Tagliatelle kochen und mit Ragù servieren.""]","{""calories"":560,""protein"":38,""carbs"":55,""fat"":20,""fiber"":5}","[""pasta"",""rind"",""schmoren""]"
"r013","clara-pascal","Carbonara Light","Abendessen","false","Leichtere Variante mit weniger Sahne, mehr Ei.","10","15","2","einfach","schwein","pasta","[{""name"":""Spaghetti"",""amount"":250,""unit"":""g"",""category"":""getreide""},{""name"":""Speck"",""amount"":150,""unit"":""g"",""category"":""fleisch""},{""name"":""Eier"",""amount"":3,""unit"":""Stück"",""category"":""milchprodukte""},{""name"":""Parmesan"",""amount"":60,""unit"":""g"",""category"":""milchprodukte""},{""name"":""Pfeffer"",""amount"":1,""unit"":""TL"",""category"":""gewuerze""}]","[""Speck knusprig braten. Spaghetti kochen."",""Eier mit Parmesan verquirlen."",""Nudeln abgießen, mit Speck und Ei-Mischung vermengen.""]","{""calories"":520,""protein"":28,""carbs"":58,""fat"":20,""fiber"":3}","[""pasta"",""schwein"",""klassiker""]"
"r014","clara-pascal","Lasagne klassisch","Abendessen","false","Schichten aus Nudeln, Hackfleisch und Béchamel.","30","45","2","mittel","rind","auflauf","[{""name"":""Lasagneplatten"",""amount"":250,""unit"":""g"",""category"":""getreide""},{""name"":""Rinderhackfleisch"",""amount"":400,""unit"":""g"",""category"":""fleisch""},{""name"":""Tomaten (Dose)"",""amount"":400,""unit"":""g"",""category"":""gemuese""},{""name"":""Milch"",""amount"":500,""unit"":""ml"",""category"":""milchprodukte""},{""name"":""Butter"",""amount"":50,""unit"":""g"",""category"":""milchprodukte""},{""name"":""Mehl"",""amount"":50,""unit"":""g"",""category"":""getreide""},{""name"":""Mozzarella"",""amount"":200,""unit"":""g"",""category"":""milchprodukte""}]","[""Hacksoße und Béchamel zubereiten."",""Schichtweise in Form legen: Soße, Platten, Béchamel."",""Mit Mozzarella bestreuen und 45 Min. backen.""]","{""calories"":580,""protein"":32,""carbs"":52,""fat"":26,""fiber"":4}","[""auflauf"",""rind"",""pasta""]"
"r015","clara-pascal","Pasta mit Hähnchen und Tomaten","Abendessen","false","Cremige Tomatensoße mit zartem Hähnchen.","15","25","2","einfach","haehnchen","pasta","[{""name"":""Farfalle"",""amount"":250,""unit"":""g"",""category"":""getreide""},{""name"":""Hähnchenbrust"",""amount"":350,""unit"":""g"",""category"":""fleisch""},{""name"":""Tomaten (Dose)"",""amount"":400,""unit"":""g"",""category"":""gemuese""},{""name"":""Sahne"",""amount"":100,""unit"":""ml"",""category"":""milchprodukte""},{""name"":""Basilikum"",""amount"":1,""unit"":""Bund"",""category"":""gewuerze""}]","[""Hähnchen würfeln und anbraten."",""Tomaten und Sahne zugeben, 15 Min. köcheln."",""Farfalle kochen und vermengen.""]","{""calories"":490,""protein"":36,""carbs"":54,""fat"":14,""fiber"":4}","[""pasta"",""haehnchen""]"
"r016","clara-pascal","Nudelsalat mediterran","Abendessen","true","Kalter Nudelsalat mit Tomaten und Paprika.","15","12","2","einfach","keins","salat","[{""name"":""Fusilli"",""amount"":250,""unit"":""g"",""category"":""getreide""},{""name"":""Tomaten"",""amount"":3,""unit"":""Stück"",""category"":""gemuese""},{""name"":""Paprika"",""amount"":1,""unit"":""Stück"",""category"":""gemuese""},{""name"":""Gurke"",""amount"":1,""unit"":""Stück"",""category"":""gemuese""},{""name"":""Olivenöl"",""amount"":4,""unit"":""EL"",""category"":""sonstiges""},{""name"":""Feta"",""amount"":100,""unit"":""g"",""category"":""milchprodukte""}]","[""Nudeln kochen und abkühlen."",""Gemüse würfeln und mit Nudeln vermengen."",""Mit Olivenöl und Feta servieren.""]","{""calories"":380,""protein"":14,""carbs"":48,""fat"":16,""fiber"":4}","[""salat"",""pasta"",""vegetarisch""]"
"r017","clara-pascal","Spaghetti Aglio e Olio","Abendessen","true","Minimalistisch: Knoblauch, Öl und Petersilie.","5","15","2","einfach","keins","pasta","[{""name"":""Spaghetti"",""amount"":250,""unit"":""g"",""category"":""getreide""},{""name"":""Knoblauch"",""amount"":6,""unit"":""Zehen"",""category"":""gewuerze""},{""name"":""Olivenöl"",""amount"":6,""unit"":""EL"",""category"":""sonstiges""},{""name"":""Petersilie"",""amount"":1,""unit"":""Bund"",""category"":""gewuerze""},{""name"":""Chiliflocken"",""amount"":0.5,""unit"":""TL"",""category"":""gewuerze""}]","[""Spaghetti kochen. Knoblauch in Öl langsam goldbraun braten."",""Nudeln mit etwas Kochwasser in die Pfanne."",""Petersilie und Chili unterheben.""]","{""calories"":420,""protein"":11,""carbs"":60,""fat"":16,""fiber"":3}","[""pasta"",""vegetarisch"",""schnell""]"
"r018","clara-pascal","Rigatoni al Forno","Abendessen","false","Überbackene Rigatoni mit Tomaten und Mozzarella.","15","30","2","einfach","keins","auflauf","[{""name"":""Rigatoni"",""amount"":300,""unit"":""g"",""category"":""getreide""},{""name"":""Tomaten (Dose)"",""amount"":400,""unit"":""g"",""category"":""gemuese""},{""name"":""Mozzarella"",""amount"":200,""unit"":""g"",""category"":""milchprodukte""},{""name"":""Parmesan"",""amount"":50,""unit"":""g"",""category"":""milchprodukte""},{""name"":""Basilikum"",""amount"":1,""unit"":""Bund"",""category"":""gewuerze""}]","[""Rigatoni kochen, mit Tomatensoße vermengen."",""In Auflaufform füllen, Käse darüber."",""30 Min. bei 180°C backen.""]","{""calories"":450,""protein"":20,""carbs"":58,""fat"":16,""fiber"":4}","[""auflauf"",""pasta"",""vegetarisch""]"
"r019","clara-pascal","Schweinefilet mit Nudeln","Abendessen","false","Medaillons vom Schweinefilet auf Bandnudeln.","15","20","2","einfach","schwein","pasta","[{""name"":""Schweinefilet"",""amount"":350,""unit"":""g"",""category"":""fleisch""},{""name"":""Tagliatelle"",""amount"":250,""unit"":""g"",""category"":""getreide""},{""name"":""Sahne"",""amount"":150,""unit"":""ml"",""category"":""milchprodukte""},{""name"":""Senf"",""amount"":1,""unit"":""TL"",""category"":""gewuerze""},{""name"":""Petersilie"",""amount"":1,""unit"":""Bund"",""category"":""gewuerze""}]","[""Filet in Medaillons schneiden und braten."",""Sahne-Senf-Soße zubereiten."",""Tagliatelle kochen und mit Medaillons servieren.""]","{""calories"":540,""protein"":40,""carbs"":52,""fat"":18,""fiber"":3}","[""schwein"",""pasta""]"
"r020","clara-pascal","Tomaten-Basilikum-Pasta","Abendessen","true","Frische Kirschtomaten mit Basilikum und Knoblauch.","10","15","2","einfach","keins","pasta","[{""name"":""Linguine"",""amount"":250,""unit"":""g"",""category"":""getreide""},{""name"":""Kirschtomaten"",""amount"":400,""unit"":""g"",""category"":""gemuese""},{""name"":""Basilikum"",""amount"":2,""unit"":""Bund"",""category"":""gewuerze""},{""name"":""Knoblauch"",""amount"":3,""unit"":""Zehen"",""category"":""gewuerze""},{""name"":""Olivenöl"",""amount"":4,""unit"":""EL"",""category"":""sonstiges""}]","[""Tomaten halbieren, mit Knoblauch in Öl anbraten."",""Linguine kochen und unterheben."",""Frisches Basilikum unterrühren.""]","{""calories"":400,""protein"":12,""carbs"":62,""fat"":12,""fiber"":5}","[""pasta"",""vegetarisch"",""sommer""]"
"r021","clara-pascal","Kartoffel-Hack-Auflauf mediterran","Abendessen","true","Kartoffel-Hack-Auflauf mediterran – ein gesundes, hausgemachtes Gericht für zwei Personen.","10","15","2","einfach","rind","auflauf","[{""name"":""Rinderhackfleisch"",""amount"":300,""unit"":""g"",""category"":""fleisch""},{""name"":""Kartoffeln"",""amount"":2,""unit"":""Stück"",""category"":""getreide""},{""name"":""Zwiebel"",""amount"":2,""unit"":""Stück"",""category"":""gemuese""},{""name"":""Paprika"",""amount"":2,""unit"":""Stück"",""category"":""gemuese""},{""name"":""Olivenöl"",""amount"":2,""unit"":""EL"",""category"":""sonstiges""},{""name"":""Salz & Pfeffer"",""amount"":1,""unit"":""Prise"",""category"":""gewuerze""}]","[""Alle Zutaten vorbereiten und schneiden."",""Fleisch würzen und in der Pfanne/Ofen garen."",""Weitere Zutaten hinzufügen und nach Rezeptart zubereiten."",""Anrichten und sofort servieren.""]","{""calories"":250,""protein"":15,""carbs"":20,""fat"":8,""fiber"":2}","[""auflauf"",""rind"",""mediterran""]"
"r022","clara-pascal","Zucchini-Tomaten-Auflauf mediterran","Abendessen","true","Zucchini-Tomaten-Auflauf mediterran – ein gesundes, hausgemachtes Gericht für zwei Personen.","11","16","2","einfach","keins","auflauf","[{""name"":""Zucchini"",""amount"":2,""unit"":""Stück"",""category"":""gemuese""},{""name"":""Tomaten"",""amount"":2,""unit"":""Stück"",""category"":""gemuese""},{""name"":""Zwiebel"",""amount"":2,""unit"":""Stück"",""category"":""gemuese""},{""name"":""Olivenöl"",""amount"":2,""unit"":""EL"",""category"":""sonstiges""},{""name"":""Salz & Pfeffer"",""amount"":1,""unit"":""Prise"",""category"":""gewuerze""}]","[""Alle Zutaten vorbereiten und schneiden."",""Gemüse vorbereiten und würzen."",""Weitere Zutaten hinzufügen und nach Rezeptart zubereiten."",""Anrichten und sofort servieren.""]","{""calories"":251,""protein"":16,""carbs"":21,""fat"":9,""fiber"":3}","[""auflauf"",""vegetarisch"",""mediterran""]"
"r023","clara-pascal","Hähnchen-Reis-Auflauf mediterran","Abendessen","true","Hähnchen-Reis-Auflauf mediterran – ein gesundes, hausgemachtes Gericht für zwei Personen.","12","17","2","einfach","haehnchen","auflauf","[{""name"":""Hähnchenbrust"",""amount"":400,""unit"":""g"",""category"":""fleisch""},{""name"":""Reis"",""amount"":2,""unit"":""Stück"",""category"":""getreide""},{""name"":""Paprika"",""amount"":2,""unit"":""Stück"",""category"":""gemuese""},{""name"":""Tomaten"",""amount"":2,""unit"":""Stück"",""category"":""gemuese""},{""name"":""Olivenöl"",""amount"":2,""unit"":""EL"",""category"":""sonstiges""},{""name"":""Salz & Pfeffer"",""amount"":1,""unit"":""Prise"",""category"":""gewuerze""}]","[""Alle Zutaten vorbereiten und schneiden."",""Fleisch würzen und in der Pfanne/Ofen garen."",""Weitere Zutaten hinzufügen und nach Rezeptart zubereiten."",""Anrichten und sofort servieren.""]","{""calories"":252,""protein"":17,""carbs"":22,""fat"":10,""fiber"":4}","[""auflauf"",""haehnchen"",""mediterran""]"
"r024","clara-pascal","Nudel-Schinken-Auflauf mediterran","Abendessen","true","Nudel-Schinken-Auflauf mediterran – ein gesundes, hausgemachtes Gericht für zwei Personen.","13","18","2","einfach","schwein","auflauf","[{""name"":""Schweinefleisch"",""amount"":300,""unit"":""g"",""category"":""fleisch""},{""name"":""Nudeln"",""amount"":2,""unit"":""Stück"",""category"":""getreide""},{""name"":""Tomaten"",""amount"":2,""unit"":""Stück"",""category"":""gemuese""},{""name"":""Olivenöl"",""amount"":2,""unit"":""EL"",""category"":""sonstiges""},{""name"":""Salz & Pfeffer"",""amount"":1,""unit"":""Prise"",""category"":""gewuerze""}]","[""Alle Zutaten vorbereiten und schneiden."",""Fleisch würzen und in der Pfanne/Ofen garen."",""Weitere Zutaten hinzufügen und nach Rezeptart zubereiten."",""Anrichten und sofort servieren.""]","{""calories"":253,""protein"":18,""carbs"":23,""fat"":11,""fiber"":5}","[""auflauf"",""schwein"",""mediterran""]"
"r025","clara-pascal","Kartoffel-Schweinehack-Gratin mediterran","Abendessen","true","Kartoffel-Schweinehack-Gratin mediterran – ein gesundes, hausgemachtes Gericht für zwei Personen.","14","19","2","einfach","schwein","auflauf","[{""name"":""Schweinefleisch"",""amount"":350,""unit"":""g"",""category"":""fleisch""},{""name"":""Kartoffeln"",""amount"":2,""unit"":""Stück"",""category"":""getreide""},{""name"":""Sahne"",""amount"":2,""unit"":""Stück"",""category"":""milchprodukte""},{""name"":""Olivenöl"",""amount"":2,""unit"":""EL"",""category"":""sonstiges""},{""name"":""Salz & Pfeffer"",""amount"":1,""unit"":""Prise"",""category"":""gewuerze""}]","[""Alle Zutaten vorbereiten und schneiden."",""Fleisch würzen und in der Pfanne/Ofen garen."",""Weitere Zutaten hinzufügen und nach Rezeptart zubereiten."",""Anrichten und sofort servieren.""]","{""calories"":254,""protein"":19,""carbs"":24,""fat"":12,""fiber"":6}","[""auflauf"",""schwein"",""mediterran""]"
"r026","clara-pascal","Rindfleisch-Kartoffel-Auflauf mediterran","Abendessen","true","Rindfleisch-Kartoffel-Auflauf mediterran – ein gesundes, hausgemachtes Gericht für zwei Personen.","15","20","2","einfach","rind","auflauf","[{""name"":""Rinderhackfleisch"",""amount"":400,""unit"":""g"",""category"":""fleisch""},{""name"":""Kartoffeln"",""amount"":2,""unit"":""Stück"",""category"":""getreide""},{""name"":""Karotten"",""amount"":2,""unit"":""Stück"",""category"":""gemuese""},{""name"":""Olivenöl"",""amount"":2,""unit"":""EL"",""category"":""sonstiges""},{""name"":""Salz & Pfeffer"",""amount"":1,""unit"":""Prise"",""category"":""gewuerze""}]","[""Alle Zutaten vorbereiten und schneiden."",""Fleisch würzen und in der Pfanne/Ofen garen."",""Weitere Zutaten hinzufügen und nach Rezeptart zubereiten."",""Anrichten und sofort servieren.""]","{""calories"":255,""protein"":20,""carbs"":25,""fat"":13,""fiber"":7}","[""auflauf"",""rind"",""mediterran""]"
"r027","clara-pascal","Paprika-Reis-Auflauf mediterran","Abendessen","true","Paprika-Reis-Auflauf mediterran – ein gesundes, hausgemachtes Gericht für zwei Personen.","16","21","2","einfach","haehnchen","auflauf","[{""name"":""Hähnchenbrust"",""amount"":300,""unit"":""g"",""category"":""fleisch""},{""name"":""Reis"",""amount"":2,""unit"":""Stück"",""category"":""getreide""},{""name"":""Paprika"",""amount"":2,""unit"":""Stück"",""category"":""gemuese""},{""name"":""Tomaten"",""amount"":2,""unit"":""Stück"",""category"":""gemuese""},{""name"":""Olivenöl"",""amount"":2,""unit"":""EL"",""category"":""sonstiges""},{""name"":""Salz & Pfeffer"",""amount"":1,""unit"":""Prise"",""category"":""gewuerze""}]","[""Alle Zutaten vorbereiten und schneiden."",""Fleisch würzen und in der Pfanne/Ofen garen."",""Weitere Zutaten hinzufügen und nach Rezeptart zubereiten."",""Anrichten und sofort servieren.""]","{""calories"":256,""protein"":21,""carbs"":26,""fat"":14,""fiber"":2}","[""auflauf"",""haehnchen"",""mediterran""]"
"r028","clara-pascal","Tomaten-Mozzarella-Auflauf mediterran","Abendessen","true","Tomaten-Mozzarella-Auflauf mediterran – ein gesundes, hausgemachtes Gericht für zwei Personen.","17","22","2","einfach","keins","auflauf","[{""name"":""Tomaten"",""amount"":2,""unit"":""Stück"",""category"":""gemuese""},{""name"":""Zucchini"",""amount"":2,""unit"":""Stück"",""category"":""gemuese""},{""name"":""Olivenöl"",""amount"":2,""unit"":""EL"",""category"":""sonstiges""},{""name"":""Salz & Pfeffer"",""amount"":1,""unit"":""Prise"",""category"":""gewuerze""}]","[""Alle Zutaten vorbereiten und schneiden."",""Gemüse vorbereiten und würzen."",""Weitere Zutaten hinzufügen und nach Rezeptart zubereiten."",""Anrichten und sofort servieren.""]","{""calories"":257,""protein"":22,""carbs"":27,""fat"":15,""fiber"":3}","[""auflauf"",""vegetarisch"",""mediterran""]"
"r029","clara-pascal","Hackfleisch-Lasagne-Röllchen mediterran","Abendessen","true","Hackfleisch-Lasagne-Röllchen mediterran – ein gesundes, hausgemachtes Gericht für zwei Personen.","18","23","2","einfach","rind","auflauf","[{""name"":""Rinderhackfleisch"",""amount"":400,""unit"":""g"",""category"":""fleisch""},{""name"":""Lasagneplatten"",""amount"":2,""unit"":""Stück"",""category"":""getreide""},{""name"":""Tomaten"",""amount"":2,""unit"":""Stück"",""category"":""gemuese""},{""name"":""Olivenöl"",""amount"":2,""unit"":""EL"",""category"":""sonstiges""},{""name"":""Salz & Pfeffer"",""amount"":1,""unit"":""Prise"",""category"":""gewuerze""}]","[""Alle Zutaten vorbereiten und schneiden."",""Fleisch würzen und in der Pfanne/Ofen garen."",""Weitere Zutaten hinzufügen und nach Rezeptart zubereiten."",""Anrichten und sofort servieren.""]","{""calories"":258,""protein"":23,""carbs"":28,""fat"":16,""fiber"":4}","[""auflauf"",""rind"",""mediterran""]"
"r030","clara-pascal","Kartoffel-Hähnchen-Gratin mediterran","Abendessen","true","Kartoffel-Hähnchen-Gratin mediterran – ein gesundes, hausgemachtes Gericht für zwei Personen.","19","24","2","einfach","haehnchen","auflauf","[{""name"":""Hähnchenbrust"",""amount"":300,""unit"":""g"",""category"":""fleisch""},{""name"":""Kartoffeln"",""amount"":2,""unit"":""Stück"",""category"":""getreide""},{""name"":""Sahne"",""amount"":2,""unit"":""Stück"",""category"":""milchprodukte""},{""name"":""Olivenöl"",""amount"":2,""unit"":""EL"",""category"":""sonstiges""},{""name"":""Salz & Pfeffer"",""amount"":1,""unit"":""Prise"",""category"":""gewuerze""}]","[""Alle Zutaten vorbereiten und schneiden."",""Fleisch würzen und in der Pfanne/Ofen garen."",""Weitere Zutaten hinzufügen und nach Rezeptart zubereiten."",""Anrichten und sofort servieren.""]","{""calories"":259,""protein"":24,""carbs"":29,""fat"":17,""fiber"":5}","[""auflauf"",""haehnchen"",""mediterran""]"
"r031","clara-pascal","Hähnchen-Paprika-Pfanne mediterran","Abendessen","true","Hähnchen-Paprika-Pfanne mediterran – ein gesundes, hausgemachtes Gericht für zwei Personen.","20","25","2","einfach","haehnchen","pfanne","[{""name"":""Hähnchenbrust"",""amount"":350,""unit"":""g"",""category"":""fleisch""},{""name"":""Paprika"",""amount"":2,""unit"":""Stück"",""category"":""gemuese""},{""name"":""Tomaten"",""amount"":2,""unit"":""Stück"",""category"":""gemuese""},{""name"":""Zwiebel"",""amount"":2,""unit"":""Stück"",""category"":""gemuese""},{""name"":""Olivenöl"",""amount"":2,""unit"":""EL"",""category"":""sonstiges""},{""name"":""Salz & Pfeffer"",""amount"":1,""unit"":""Prise"",""category"":""gewuerze""}]","[""Alle Zutaten vorbereiten und schneiden."",""Fleisch würzen und in der Pfanne/Ofen garen."",""Weitere Zutaten hinzufügen und nach Rezeptart zubereiten."",""Anrichten und sofort servieren.""]","{""calories"":260,""protein"":25,""carbs"":30,""fat"":18,""fiber"":6}","[""pfanne"",""haehnchen"",""mediterran""]"
"r032","clara-pascal","Rinderstreifen-Pfanne mediterran","Abendessen","true","Rinderstreifen-Pfanne mediterran – ein gesundes, hausgemachtes Gericht für zwei Personen.","21","26","2","einfach","rind","pfanne","[{""name"":""Rinderhackfleisch"",""amount"":400,""unit"":""g"",""category"":""fleisch""},{""name"":""Paprika"",""amount"":2,""unit"":""Stück"",""category"":""gemuese""},{""name"":""Zwiebel"",""amount"":2,""unit"":""Stück"",""category"":""gemuese""},{""name"":""Olivenöl"",""amount"":2,""unit"":""EL"",""category"":""sonstiges""},{""name"":""Salz & Pfeffer"",""amount"":1,""unit"":""Prise"",""category"":""gewuerze""}]","[""Alle Zutaten vorbereiten und schneiden."",""Fleisch würzen und in der Pfanne/Ofen garen."",""Weitere Zutaten hinzufügen und nach Rezeptart zubereiten."",""Anrichten und sofort servieren.""]","{""calories"":261,""protein"":26,""carbs"":31,""fat"":19,""fiber"":7}","[""pfanne"",""rind"",""mediterran""]"
"r033","clara-pascal","Schweinegeschnetzeltes mediterran","Abendessen","true","Schweinegeschnetzeltes mediterran – ein gesundes, hausgemachtes Gericht für zwei Personen.","22","27","2","einfach","schwein","pfanne","[{""name"":""Schweinefleisch"",""amount"":300,""unit"":""g"",""category"":""fleisch""},{""name"":""Paprika"",""amount"":2,""unit"":""Stück"",""category"":""gemuese""},{""name"":""Sahne"",""amount"":2,""unit"":""Stück"",""category"":""milchprodukte""},{""name"":""Olivenöl"",""amount"":2,""unit"":""EL"",""category"":""sonstiges""},{""name"":""Salz & Pfeffer"",""amount"":1,""unit"":""Prise"",""category"":""gewuerze""}]","[""Alle Zutaten vorbereiten und schneiden."",""Fleisch würzen und in der Pfanne/Ofen garen."",""Weitere Zutaten hinzufügen und nach Rezeptart zubereiten."",""Anrichten und sofort servieren.""]","{""calories"":262,""protein"":27,""carbs"":32,""fat"":20,""fiber"":2}","[""pfanne"",""schwein"",""mediterran""]"
"r034","clara-pascal","Hackfleisch-Kartoffel-Pfanne mediterran","Abendessen","true","Hackfleisch-Kartoffel-Pfanne mediterran – ein gesundes, hausgemachtes Gericht für zwei Personen.","23","28","2","einfach","rind","pfanne","[{""name"":""Rinderhackfleisch"",""amount"":350,""unit"":""g"",""category"":""fleisch""},{""name"":""Kartoffeln"",""amount"":2,""unit"":""Stück"",""category"":""getreide""},{""name"":""Zwiebel"",""amount"":2,""unit"":""Stück"",""category"":""gemuese""},{""name"":""Olivenöl"",""amount"":2,""unit"":""EL"",""category"":""sonstiges""},{""name"":""Salz & Pfeffer"",""amount"":1,""unit"":""Prise"",""category"":""gewuerze""}]","[""Alle Zutaten vorbereiten und schneiden."",""Fleisch würzen und in der Pfanne/Ofen garen."",""Weitere Zutaten hinzufügen und nach Rezeptart zubereiten."",""Anrichten und sofort servieren.""]","{""calories"":263,""protein"":28,""carbs"":33,""fat"":21,""fiber"":3}","[""pfanne"",""rind"",""mediterran""]"
"r035","clara-pascal","Hähnchen-Tomaten-Pfanne mediterran","Abendessen","true","Hähnchen-Tomaten-Pfanne mediterran – ein gesundes, hausgemachtes Gericht für zwei Personen.","24","29","2","einfach","haehnchen","pfanne","[{""name"":""Hähnchenbrust"",""amount"":400,""unit"":""g"",""category"":""fleisch""},{""name"":""Tomaten"",""amount"":2,""unit"":""Stück"",""category"":""gemuese""},{""name"":""Paprika"",""amount"":2,""unit"":""Stück"",""category"":""gemuese""},{""name"":""Olivenöl"",""amount"":2,""unit"":""EL"",""category"":""sonstiges""},{""name"":""Salz & Pfeffer"",""amount"":1,""unit"":""Prise"",""category"":""gewuerze""}]","[""Alle Zutaten vorbereiten und schneiden."",""Fleisch würzen und in der Pfanne/Ofen garen."",""Weitere Zutaten hinzufügen und nach Rezeptart zubereiten."",""Anrichten und sofort servieren.""]","{""calories"":264,""protein"":29,""carbs"":34,""fat"":22,""fiber"":4}","[""pfanne"",""haehnchen"",""mediterran""]"
"r036","clara-pascal","Schweinehack-Paprika-Pfanne mediterran","Abendessen","true","Schweinehack-Paprika-Pfanne mediterran – ein gesundes, hausgemachtes Gericht für zwei Personen.","25","30","2","einfach","schwein","pfanne","[{""name"":""Schweinefleisch"",""amount"":300,""unit"":""g"",""category"":""fleisch""},{""name"":""Paprika"",""amount"":2,""unit"":""Stück"",""category"":""gemuese""},{""name"":""Tomaten"",""amount"":2,""unit"":""Stück"",""category"":""gemuese""},{""name"":""Olivenöl"",""amount"":2,""unit"":""EL"",""category"":""sonstiges""},{""name"":""Salz & Pfeffer"",""amount"":1,""unit"":""Prise"",""category"":""gewuerze""}]","[""Alle Zutaten vorbereiten und schneiden."",""Fleisch würzen und in der Pfanne/Ofen garen."",""Weitere Zutaten hinzufügen und nach Rezeptart zubereiten."",""Anrichten und sofort servieren.""]","{""calories"":265,""protein"":30,""carbs"":35,""fat"":23,""fiber"":5}","[""pfanne"",""schwein"",""mediterran""]"
"r037","clara-pascal","Rinderhack-Reis-Pfanne mediterran","Abendessen","true","Rinderhack-Reis-Pfanne mediterran – ein gesundes, hausgemachtes Gericht für zwei Personen.","26","31","2","einfach","rind","pfanne","[{""name"":""Rinderhackfleisch"",""amount"":350,""unit"":""g"",""category"":""fleisch""},{""name"":""Reis"",""amount"":2,""unit"":""Stück"",""category"":""getreide""},{""name"":""Tomaten"",""amount"":2,""unit"":""Stück"",""category"":""gemuese""},{""name"":""Olivenöl"",""amount"":2,""unit"":""EL"",""category"":""sonstiges""},{""name"":""Salz & Pfeffer"",""amount"":1,""unit"":""Prise"",""category"":""gewuerze""}]","[""Alle Zutaten vorbereiten und schneiden."",""Fleisch würzen und in der Pfanne/Ofen garen."",""Weitere Zutaten hinzufügen und nach Rezeptart zubereiten."",""Anrichten und sofort servieren.""]","{""calories"":266,""protein"":31,""carbs"":36,""fat"":24,""fiber"":6}","[""pfanne"",""rind"",""mediterran""]"
"r038","clara-pascal","Hähnchen-Gurken-Pfanne mediterran","Abendessen","true","Hähnchen-Gurken-Pfanne mediterran – ein gesundes, hausgemachtes Gericht für zwei Personen.","27","32","2","einfach","haehnchen","pfanne","[{""name"":""Hähnchenbrust"",""amount"":400,""unit"":""g"",""category"":""fleisch""},{""name"":""Gurke"",""amount"":2,""unit"":""Stück"",""category"":""gemuese""},{""name"":""Paprika"",""amount"":2,""unit"":""Stück"",""category"":""gemuese""},{""name"":""Olivenöl"",""amount"":2,""unit"":""EL"",""category"":""sonstiges""},{""name"":""Salz & Pfeffer"",""amount"":1,""unit"":""Prise"",""category"":""gewuerze""}]","[""Alle Zutaten vorbereiten und schneiden."",""Fleisch würzen und in der Pfanne/Ofen garen."",""Weitere Zutaten hinzufügen und nach Rezeptart zubereiten."",""Anrichten und sofort servieren.""]","{""calories"":267,""protein"":32,""carbs"":37,""fat"":25,""fiber"":7}","[""pfanne"",""haehnchen"",""mediterran""]"
"r039","clara-pascal","Schweinefilet-Pfanne mediterran","Abendessen","true","Schweinefilet-Pfanne mediterran – ein gesundes, hausgemachtes Gericht für zwei Personen.","28","33","2","einfach","schwein","pfanne","[{""name"":""Schweinefleisch"",""amount"":300,""unit"":""g"",""category"":""fleisch""},{""name"":""Paprika"",""amount"":2,""unit"":""Stück"",""category"":""gemuese""},{""name"":""Sahne"",""amount"":2,""unit"":""Stück"",""category"":""milchprodukte""},{""name"":""Olivenöl"",""amount"":2,""unit"":""EL"",""category"":""sonstiges""},{""name"":""Salz & Pfeffer"",""amount"":1,""unit"":""Prise"",""category"":""gewuerze""}]","[""Alle Zutaten vorbereiten und schneiden."",""Fleisch würzen und in der Pfanne/Ofen garen."",""Weitere Zutaten hinzufügen und nach Rezeptart zubereiten."",""Anrichten und sofort servieren.""]","{""calories"":268,""protein"":33,""carbs"":38,""fat"":8,""fiber"":2}","[""pfanne"",""schwein"",""mediterran""]"
"r040","clara-pascal","Rindergulasch-Pfanne mediterran","Abendessen","true","Rindergulasch-Pfanne mediterran – ein gesundes, hausgemachtes Gericht für zwei Personen.","29","34","2","einfach","rind","pfanne","[{""name"":""Rinderhackfleisch"",""amount"":350,""unit"":""g"",""category"":""fleisch""},{""name"":""Zwiebel"",""amount"":2,""unit"":""Stück"",""category"":""gemuese""},{""name"":""Paprika"",""amount"":2,""unit"":""Stück"",""category"":""gemuese""},{""name"":""Olivenöl"",""amount"":2,""unit"":""EL"",""category"":""sonstiges""},{""name"":""Salz & Pfeffer"",""amount"":1,""unit"":""Prise"",""category"":""gewuerze""}]","[""Alle Zutaten vorbereiten und schneiden."",""Fleisch würzen und in der Pfanne/Ofen garen."",""Weitere Zutaten hinzufügen und nach Rezeptart zubereiten."",""Anrichten und sofort servieren.""]","{""calories"":269,""protein"":34,""carbs"":39,""fat"":9,""fiber"":3}","[""pfanne"",""rind"",""mediterran""]"
"r041","clara-pascal","Hähnchen-Salat-Wrap mediterran","Abendessen","true","Hähnchen-Salat-Wrap mediterran – ein gesundes, hausgemachtes Gericht für zwei Personen.","10","35","2","einfach","haehnchen","wrap","[{""name"":""Hähnchenbrust"",""amount"":400,""unit"":""g"",""category"":""fleisch""},{""name"":""Salat"",""amount"":150,""unit"":""g"",""category"":""gemuese""},{""name"":""Tomaten"",""amount"":2,""unit"":""Stück"",""category"":""gemuese""},{""name"":""Gurke"",""amount"":2,""unit"":""Stück"",""category"":""gemuese""},{""name"":""Olivenöl"",""amount"":2,""unit"":""EL"",""category"":""sonstiges""},{""name"":""Salz & Pfeffer"",""amount"":1,""unit"":""Prise"",""category"":""gewuerze""}]","[""Alle Zutaten vorbereiten und schneiden."",""Fleisch würzen und in der Pfanne/Ofen garen."",""Weitere Zutaten hinzufügen und nach Rezeptart zubereiten."",""Anrichten und sofort servieren.""]","{""calories"":270,""protein"":35,""carbs"":40,""fat"":10,""fiber"":4}","[""wrap"",""haehnchen"",""mediterran""]"
"r042","clara-pascal","Rinderhack-Wrap mediterran","Abendessen","true","Rinderhack-Wrap mediterran – ein gesundes, hausgemachtes Gericht für zwei Personen.","11","36","2","einfach","rind","wrap","[{""name"":""Rinderhackfleisch"",""amount"":300,""unit"":""g"",""category"":""fleisch""},{""name"":""Salat"",""amount"":150,""unit"":""g"",""category"":""gemuese""},{""name"":""Tomaten"",""amount"":2,""unit"":""Stück"",""category"":""gemuese""},{""name"":""Paprika"",""amount"":2,""unit"":""Stück"",""category"":""gemuese""},{""name"":""Olivenöl"",""amount"":2,""unit"":""EL"",""category"":""sonstiges""},{""name"":""Salz & Pfeffer"",""amount"":1,""unit"":""Prise"",""category"":""gewuerze""}]","[""Alle Zutaten vorbereiten und schneiden."",""Fleisch würzen und in der Pfanne/Ofen garen."",""Weitere Zutaten hinzufügen und nach Rezeptart zubereiten."",""Anrichten und sofort servieren.""]","{""calories"":271,""protein"":36,""carbs"":41,""fat"":11,""fiber"":5}","[""wrap"",""rind"",""mediterran""]"
"r043","clara-pascal","Schweinefilet-Wrap mediterran","Abendessen","true","Schweinefilet-Wrap mediterran – ein gesundes, hausgemachtes Gericht für zwei Personen.","12","37","2","einfach","schwein","wrap","[{""name"":""Schweinefleisch"",""amount"":350,""unit"":""g"",""category"":""fleisch""},{""name"":""Salat"",""amount"":150,""unit"":""g"",""category"":""gemuese""},{""name"":""Gurke"",""amount"":2,""unit"":""Stück"",""category"":""gemuese""},{""name"":""Olivenöl"",""amount"":2,""unit"":""EL"",""category"":""sonstiges""},{""name"":""Salz & Pfeffer"",""amount"":1,""unit"":""Prise"",""category"":""gewuerze""}]","[""Alle Zutaten vorbereiten und schneiden."",""Fleisch würzen und in der Pfanne/Ofen garen."",""Weitere Zutaten hinzufügen und nach Rezeptart zubereiten."",""Anrichten und sofort servieren.""]","{""calories"":272,""protein"":37,""carbs"":42,""fat"":12,""fiber"":6}","[""wrap"",""schwein"",""mediterran""]"
"r044","clara-pascal","Tomaten-Mozzarella-Wrap mediterran","Abendessen","true","Tomaten-Mozzarella-Wrap mediterran – ein gesundes, hausgemachtes Gericht für zwei Personen.","13","38","2","einfach","keins","wrap","[{""name"":""Tomaten"",""amount"":2,""unit"":""Stück"",""category"":""gemuese""},{""name"":""Salat"",""amount"":150,""unit"":""g"",""category"":""gemuese""},{""name"":""Olivenöl"",""amount"":2,""unit"":""EL"",""category"":""sonstiges""},{""name"":""Salz & Pfeffer"",""amount"":1,""unit"":""Prise"",""category"":""gewuerze""}]","[""Alle Zutaten vorbereiten und schneiden."",""Gemüse vorbereiten und würzen."",""Weitere Zutaten hinzufügen und nach Rezeptart zubereiten."",""Anrichten und sofort servieren.""]","{""calories"":273,""protein"":38,""carbs"":43,""fat"":13,""fiber"":7}","[""wrap"",""vegetarisch"",""mediterran""]"
"r045","clara-pascal","Hähnchen-Avocado-Wrap mediterran","Abendessen","true","Hähnchen-Avocado-Wrap mediterran – ein gesundes, hausgemachtes Gericht für zwei Personen.","14","39","2","einfach","haehnchen","wrap","[{""name"":""Hähnchenbrust"",""amount"":300,""unit"":""g"",""category"":""fleisch""},{""name"":""Avocado"",""amount"":2,""unit"":""Stück"",""category"":""gemuese""},{""name"":""Salat"",""amount"":150,""unit"":""g"",""category"":""gemuese""},{""name"":""Tomaten"",""amount"":2,""unit"":""Stück"",""category"":""gemuese""},{""name"":""Olivenöl"",""amount"":2,""unit"":""EL"",""category"":""sonstiges""},{""name"":""Salz & Pfeffer"",""amount"":1,""unit"":""Prise"",""category"":""gewuerze""}]","[""Alle Zutaten vorbereiten und schneiden."",""Fleisch würzen und in der Pfanne/Ofen garen."",""Weitere Zutaten hinzufügen und nach Rezeptart zubereiten."",""Anrichten und sofort servieren.""]","{""calories"":274,""protein"":39,""carbs"":44,""fat"":14,""fiber"":2}","[""wrap"",""haehnchen"",""mediterran""]"
"r046","clara-pascal","Paprika-Hack-Wrap mediterran","Abendessen","true","Paprika-Hack-Wrap mediterran – ein gesundes, hausgemachtes Gericht für zwei Personen.","15","40","2","einfach","rind","wrap","[{""name"":""Rinderhackfleisch"",""amount"":350,""unit"":""g"",""category"":""fleisch""},{""name"":""Paprika"",""amount"":2,""unit"":""Stück"",""category"":""gemuese""},{""name"":""Salat"",""amount"":150,""unit"":""g"",""category"":""gemuese""},{""name"":""Olivenöl"",""amount"":2,""unit"":""EL"",""category"":""sonstiges""},{""name"":""Salz & Pfeffer"",""amount"":1,""unit"":""Prise"",""category"":""gewuerze""}]","[""Alle Zutaten vorbereiten und schneiden."",""Fleisch würzen und in der Pfanne/Ofen garen."",""Weitere Zutaten hinzufügen und nach Rezeptart zubereiten."",""Anrichten und sofort servieren.""]","{""calories"":275,""protein"":15,""carbs"":45,""fat"":15,""fiber"":3}","[""wrap"",""rind"",""mediterran""]"
"r047","clara-pascal","Gurkensalat-Wrap mediterran","Abendessen","true","Gurkensalat-Wrap mediterran – ein gesundes, hausgemachtes Gericht für zwei Personen.","16","41","2","mittel","keins","wrap","[{""name"":""Gurke"",""amount"":2,""unit"":""Stück"",""category"":""gemuese""},{""name"":""Salat"",""amount"":150,""unit"":""g"",""category"":""gemuese""},{""name"":""Tomaten"",""amount"":2,""unit"":""Stück"",""category"":""gemuese""},{""name"":""Olivenöl"",""amount"":2,""unit"":""EL"",""category"":""sonstiges""},{""name"":""Salz & Pfeffer"",""amount"":1,""unit"":""Prise"",""category"":""gewuerze""}]","[""Alle Zutaten vorbereiten und schneiden."",""Gemüse vorbereiten und würzen."",""Weitere Zutaten hinzufügen und nach Rezeptart zubereiten."",""Anrichten und sofort servieren.""]","{""calories"":276,""protein"":16,""carbs"":46,""fat"":16,""fiber"":4}","[""wrap"",""vegetarisch"",""mediterran""]"
"r048","clara-pascal","Schweinehack-Wrap mediterran","Abendessen","true","Schweinehack-Wrap mediterran – ein gesundes, hausgemachtes Gericht für zwei Personen.","17","42","2","mittel","schwein","wrap","[{""name"":""Schweinefleisch"",""amount"":300,""unit"":""g"",""category"":""fleisch""},{""name"":""Salat"",""amount"":150,""unit"":""g"",""category"":""gemuese""},{""name"":""Tomaten"",""amount"":2,""unit"":""Stück"",""category"":""gemuese""},{""name"":""Olivenöl"",""amount"":2,""unit"":""EL"",""category"":""sonstiges""},{""name"":""Salz & Pfeffer"",""amount"":1,""unit"":""Prise"",""category"":""gewuerze""}]","[""Alle Zutaten vorbereiten und schneiden."",""Fleisch würzen und in der Pfanne/Ofen garen."",""Weitere Zutaten hinzufügen und nach Rezeptart zubereiten."",""Anrichten und sofort servieren.""]","{""calories"":277,""protein"":17,""carbs"":47,""fat"":17,""fiber"":5}","[""wrap"",""schwein"",""mediterran""]"
"r049","clara-pascal","Hähnchen-Paprika-Wrap mediterran","Abendessen","true","Hähnchen-Paprika-Wrap mediterran – ein gesundes, hausgemachtes Gericht für zwei Personen.","18","43","2","mittel","haehnchen","wrap","[{""name"":""Hähnchenbrust"",""amount"":350,""unit"":""g"",""category"":""fleisch""},{""name"":""Paprika"",""amount"":2,""unit"":""Stück"",""category"":""gemuese""},{""name"":""Salat"",""amount"":150,""unit"":""g"",""category"":""gemuese""},{""name"":""Olivenöl"",""amount"":2,""unit"":""EL"",""category"":""sonstiges""},{""name"":""Salz & Pfeffer"",""amount"":1,""unit"":""Prise"",""category"":""gewuerze""}]","[""Alle Zutaten vorbereiten und schneiden."",""Fleisch würzen und in der Pfanne/Ofen garen."",""Weitere Zutaten hinzufügen und nach Rezeptart zubereiten."",""Anrichten und sofort servieren.""]","{""calories"":278,""protein"":18,""carbs"":48,""fat"":18,""fiber"":6}","[""wrap"",""haehnchen"",""mediterran""]"
"r050","clara-pascal","Rinderstreifen-Wrap mediterran","Abendessen","true","Rinderstreifen-Wrap mediterran – ein gesundes, hausgemachtes Gericht für zwei Personen.","19","44","2","mittel","rind","wrap","[{""name"":""Rinderhackfleisch"",""amount"":400,""unit"":""g"",""category"":""fleisch""},{""name"":""Salat"",""amount"":150,""unit"":""g"",""category"":""gemuese""},{""name"":""Gurke"",""amount"":2,""unit"":""Stück"",""category"":""gemuese""},{""name"":""Tomaten"",""amount"":2,""unit"":""Stück"",""category"":""gemuese""},{""name"":""Olivenöl"",""amount"":2,""unit"":""EL"",""category"":""sonstiges""},{""name"":""Salz & Pfeffer"",""amount"":1,""unit"":""Prise"",""category"":""gewuerze""}]","[""Alle Zutaten vorbereiten und schneiden."",""Fleisch würzen und in der Pfanne/Ofen garen."",""Weitere Zutaten hinzufügen und nach Rezeptart zubereiten."",""Anrichten und sofort servieren.""]","{""calories"":279,""protein"":19,""carbs"":49,""fat"":19,""fiber"":7}","[""wrap"",""rind"",""mediterran""]"
"r051","clara-pascal","Ofen-Hähnchen mit Kartoffeln mediterran","Abendessen","true","Ofen-Hähnchen mit Kartoffeln mediterran – ein gesundes, hausgemachtes Gericht für zwei Personen.","20","15","2","einfach","haehnchen","ofen","[{""name"":""Hähnchenbrust"",""amount"":300,""unit"":""g"",""category"":""fleisch""},{""name"":""Kartoffeln"",""amount"":2,""unit"":""Stück"",""category"":""getreide""},{""name"":""Paprika"",""amount"":2,""unit"":""Stück"",""category"":""gemuese""},{""name"":""Olivenöl"",""amount"":2,""unit"":""EL"",""category"":""sonstiges""},{""name"":""Salz & Pfeffer"",""amount"":1,""unit"":""Prise"",""category"":""gewuerze""}]","[""Alle Zutaten vorbereiten und schneiden."",""Fleisch würzen und in der Pfanne/Ofen garen."",""Weitere Zutaten hinzufügen und nach Rezeptart zubereiten."",""Anrichten und sofort servieren.""]","{""calories"":280,""protein"":20,""carbs"":50,""fat"":20,""fiber"":2}","[""ofen"",""haehnchen"",""mediterran""]"
"r052","clara-pascal","Schweinebraten im Ofen mediterran","Abendessen","true","Schweinebraten im Ofen mediterran – ein gesundes, hausgemachtes Gericht für zwei Personen.","21","16","2","einfach","schwein","ofen","[{""name"":""Schweinefleisch"",""amount"":350,""unit"":""g"",""category"":""fleisch""},{""name"":""Kartoffeln"",""amount"":2,""unit"":""Stück"",""category"":""getreide""},{""name"":""Zwiebel"",""amount"":2,""unit"":""Stück"",""category"":""gemuese""},{""name"":""Olivenöl"",""amount"":2,""unit"":""EL"",""category"":""sonstiges""},{""name"":""Salz & Pfeffer"",""amount"":1,""unit"":""Prise"",""category"":""gewuerze""}]","[""Alle Zutaten vorbereiten und schneiden."",""Fleisch würzen und in der Pfanne/Ofen garen."",""Weitere Zutaten hinzufügen und nach Rezeptart zubereiten."",""Anrichten und sofort servieren.""]","{""calories"":281,""protein"":21,""carbs"":51,""fat"":21,""fiber"":3}","[""ofen"",""schwein"",""mediterran""]"
"r053","clara-pascal","Rinderbraten mit Gemüse mediterran","Abendessen","true","Rinderbraten mit Gemüse mediterran – ein gesundes, hausgemachtes Gericht für zwei Personen.","22","17","2","einfach","rind","ofen","[{""name"":""Rinderhackfleisch"",""amount"":400,""unit"":""g"",""category"":""fleisch""},{""name"":""Karotten"",""amount"":2,""unit"":""Stück"",""category"":""gemuese""},{""name"":""Zwiebel"",""amount"":2,""unit"":""Stück"",""category"":""gemuese""},{""name"":""Olivenöl"",""amount"":2,""unit"":""EL"",""category"":""sonstiges""},{""name"":""Salz & Pfeffer"",""amount"":1,""unit"":""Prise"",""category"":""gewuerze""}]","[""Alle Zutaten vorbereiten und schneiden."",""Fleisch würzen und in der Pfanne/Ofen garen."",""Weitere Zutaten hinzufügen und nach Rezeptart zubereiten."",""Anrichten und sofort servieren.""]","{""calories"":282,""protein"":22,""carbs"":52,""fat"":22,""fiber"":4}","[""ofen"",""rind"",""mediterran""]"
"r054","clara-pascal","Ofenkartoffeln mit Kräutern mediterran","Abendessen","true","Ofenkartoffeln mit Kräutern mediterran – ein gesundes, hausgemachtes Gericht für zwei Personen.","23","18","2","einfach","keins","ofen","[{""name"":""Kartoffeln"",""amount"":2,""unit"":""Stück"",""category"":""getreide""},{""name"":""Rosmarin"",""amount"":2,""unit"":""Stück"",""category"":""gewuerze""},{""name"":""Olivenöl"",""amount"":2,""unit"":""EL"",""category"":""sonstiges""},{""name"":""Salz & Pfeffer"",""amount"":1,""unit"":""Prise"",""category"":""gewuerze""}]","[""Alle Zutaten vorbereiten und schneiden."",""Gemüse vorbereiten und würzen."",""Weitere Zutaten hinzufügen und nach Rezeptart zubereiten."",""Anrichten und sofort servieren.""]","{""calories"":283,""protein"":23,""carbs"":53,""fat"":23,""fiber"":5}","[""ofen"",""vegetarisch"",""mediterran""]"
"r055","clara-pascal","Hähnchenschenkel aus dem Ofen mediterran","Abendessen","true","Hähnchenschenkel aus dem Ofen mediterran – ein gesundes, hausgemachtes Gericht für zwei Personen.","24","19","2","einfach","haehnchen","ofen","[{""name"":""Hähnchenbrust"",""amount"":350,""unit"":""g"",""category"":""fleisch""},{""name"":""Kartoffeln"",""amount"":2,""unit"":""Stück"",""category"":""getreide""},{""name"":""Tomaten"",""amount"":2,""unit"":""Stück"",""category"":""gemuese""},{""name"":""Olivenöl"",""amount"":2,""unit"":""EL"",""category"":""sonstiges""},{""name"":""Salz & Pfeffer"",""amount"":1,""unit"":""Prise"",""category"":""gewuerze""}]","[""Alle Zutaten vorbereiten und schneiden."",""Fleisch würzen und in der Pfanne/Ofen garen."",""Weitere Zutaten hinzufügen und nach Rezeptart zubereiten."",""Anrichten und sofort servieren.""]","{""calories"":284,""protein"":24,""carbs"":54,""fat"":24,""fiber"":6}","[""ofen"",""haehnchen"",""mediterran""]"
"r056","clara-pascal","Schweinekotelett im Ofen mediterran","Abendessen","true","Schweinekotelett im Ofen mediterran – ein gesundes, hausgemachtes Gericht für zwei Personen.","25","20","2","einfach","schwein","ofen","[{""name"":""Schweinefleisch"",""amount"":400,""unit"":""g"",""category"":""fleisch""},{""name"":""Kartoffeln"",""amount"":2,""unit"":""Stück"",""category"":""getreide""},{""name"":""Paprika"",""amount"":2,""unit"":""Stück"",""category"":""gemuese""},{""name"":""Olivenöl"",""amount"":2,""unit"":""EL"",""category"":""sonstiges""},{""name"":""Salz & Pfeffer"",""amount"":1,""unit"":""Prise"",""category"":""gewuerze""}]","[""Alle Zutaten vorbereiten und schneiden."",""Fleisch würzen und in der Pfanne/Ofen garen."",""Weitere Zutaten hinzufügen und nach Rezeptart zubereiten."",""Anrichten und sofort servieren.""]","{""calories"":285,""protein"":25,""carbs"":55,""fat"":25,""fiber"":7}","[""ofen"",""schwein"",""mediterran""]"
"r057","clara-pascal","Rinderrouladen mediterran","Abendessen","true","Rinderrouladen mediterran – ein gesundes, hausgemachtes Gericht für zwei Personen.","26","21","2","einfach","rind","ofen","[{""name"":""Rinderhackfleisch"",""amount"":300,""unit"":""g"",""category"":""fleisch""},{""name"":""Zwiebel"",""amount"":2,""unit"":""Stück"",""category"":""gemuese""},{""name"":""Gurken"",""amount"":2,""unit"":""Stück"",""category"":""sonstiges""},{""name"":""Olivenöl"",""amount"":2,""unit"":""EL"",""category"":""sonstiges""},{""name"":""Salz & Pfeffer"",""amount"":1,""unit"":""Prise"",""category"":""gewuerze""}]","[""Alle Zutaten vorbereiten und schneiden."",""Fleisch würzen und in der Pfanne/Ofen garen."",""Weitere Zutaten hinzufügen und nach Rezeptart zubereiten."",""Anrichten und sofort servieren.""]","{""calories"":286,""protein"":26,""carbs"":56,""fat"":8,""fiber"":2}","[""ofen"",""rind"",""mediterran""]"
"r058","clara-pascal","Ofen-Gemüse mit Hähnchen mediterran","Abendessen","true","Ofen-Gemüse mit Hähnchen mediterran – ein gesundes, hausgemachtes Gericht für zwei Personen.","27","22","2","einfach","haehnchen","ofen","[{""name"":""Hähnchenbrust"",""amount"":350,""unit"":""g"",""category"":""fleisch""},{""name"":""Paprika"",""amount"":2,""unit"":""Stück"",""category"":""gemuese""},{""name"":""Tomaten"",""amount"":2,""unit"":""Stück"",""category"":""gemuese""},{""name"":""Zucchini"",""amount"":2,""unit"":""Stück"",""category"":""gemuese""},{""name"":""Olivenöl"",""amount"":2,""unit"":""EL"",""category"":""sonstiges""},{""name"":""Salz & Pfeffer"",""amount"":1,""unit"":""Prise"",""category"":""gewuerze""}]","[""Alle Zutaten vorbereiten und schneiden."",""Fleisch würzen und in der Pfanne/Ofen garen."",""Weitere Zutaten hinzufügen und nach Rezeptart zubereiten."",""Anrichten und sofort servieren.""]","{""calories"":287,""protein"":27,""carbs"":57,""fat"":9,""fiber"":3}","[""ofen"",""haehnchen"",""mediterran""]"
"r059","clara-pascal","Kartoffel-Hähnchen-Blech mediterran","Abendessen","true","Kartoffel-Hähnchen-Blech mediterran – ein gesundes, hausgemachtes Gericht für zwei Personen.","28","23","2","einfach","haehnchen","ofen","[{""name"":""Hähnchenbrust"",""amount"":400,""unit"":""g"",""category"":""fleisch""},{""name"":""Kartoffeln"",""amount"":2,""unit"":""Stück"",""category"":""getreide""},{""name"":""Paprika"",""amount"":2,""unit"":""Stück"",""category"":""gemuese""},{""name"":""Olivenöl"",""amount"":2,""unit"":""EL"",""category"":""sonstiges""},{""name"":""Salz & Pfeffer"",""amount"":1,""unit"":""Prise"",""category"":""gewuerze""}]","[""Alle Zutaten vorbereiten und schneiden."",""Fleisch würzen und in der Pfanne/Ofen garen."",""Weitere Zutaten hinzufügen und nach Rezeptart zubereiten."",""Anrichten und sofort servieren.""]","{""calories"":288,""protein"":28,""carbs"":58,""fat"":10,""fiber"":4}","[""ofen"",""haehnchen"",""mediterran""]"
"r060","clara-pascal","Schweinefilet im Speckmantel mediterran","Abendessen","true","Schweinefilet im Speckmantel mediterran – ein gesundes, hausgemachtes Gericht für zwei Personen.","29","24","2","einfach","schwein","ofen","[{""name"":""Schweinefleisch"",""amount"":300,""unit"":""g"",""category"":""fleisch""},{""name"":""Kartoffeln"",""amount"":2,""unit"":""Stück"",""category"":""getreide""},{""name"":""Olivenöl"",""amount"":2,""unit"":""EL"",""category"":""sonstiges""},{""name"":""Salz & Pfeffer"",""amount"":1,""unit"":""Prise"",""category"":""gewuerze""}]","[""Alle Zutaten vorbereiten und schneiden."",""Fleisch würzen und in der Pfanne/Ofen garen."",""Weitere Zutaten hinzufügen und nach Rezeptart zubereiten."",""Anrichten und sofort servieren.""]","{""calories"":289,""protein"":29,""carbs"":59,""fat"":11,""fiber"":5}","[""ofen"",""schwein"",""mediterran""]"
"r061","clara-pascal","Tomaten-Mozzarella-Salat mediterran","Abendessen","true","Tomaten-Mozzarella-Salat mediterran – ein gesundes, hausgemachtes Gericht für zwei Personen.","10","0","2","einfach","keins","salat","[{""name"":""Tomaten"",""amount"":2,""unit"":""Stück"",""category"":""gemuese""},{""name"":""Mozzarella"",""amount"":2,""unit"":""Stück"",""category"":""milchprodukte""},{""name"":""Basilikum"",""amount"":2,""unit"":""Stück"",""category"":""gewuerze""},{""name"":""Olivenöl"",""amount"":2,""unit"":""EL"",""category"":""sonstiges""},{""name"":""Salz & Pfeffer"",""amount"":1,""unit"":""Prise"",""category"":""gewuerze""}]","[""Alle Zutaten vorbereiten und schneiden."",""Gemüse vorbereiten und würzen."",""Weitere Zutaten hinzufügen und nach Rezeptart zubereiten."",""Anrichten und sofort servieren.""]","{""calories"":290,""protein"":30,""carbs"":20,""fat"":12,""fiber"":6}","[""salat"",""vegetarisch"",""mediterran""]"
"r062","clara-pascal","Griechischer Salat mediterran","Abendessen","true","Griechischer Salat mediterran – ein gesundes, hausgemachtes Gericht für zwei Personen.","11","0","2","einfach","keins","salat","[{""name"":""Gurke"",""amount"":2,""unit"":""Stück"",""category"":""gemuese""},{""name"":""Tomaten"",""amount"":2,""unit"":""Stück"",""category"":""gemuese""},{""name"":""Paprika"",""amount"":2,""unit"":""Stück"",""category"":""gemuese""},{""name"":""Oliven"",""amount"":2,""unit"":""Stück"",""category"":""gemuese""},{""name"":""Olivenöl"",""amount"":2,""unit"":""EL"",""category"":""sonstiges""},{""name"":""Salz & Pfeffer"",""amount"":1,""unit"":""Prise"",""category"":""gewuerze""}]","[""Alle Zutaten vorbereiten und schneiden."",""Gemüse vorbereiten und würzen."",""Weitere Zutaten hinzufügen und nach Rezeptart zubereiten."",""Anrichten und sofort servieren.""]","{""calories"":291,""protein"":31,""carbs"":21,""fat"":13,""fiber"":7}","[""salat"",""vegetarisch"",""mediterran""]"
"r063","clara-pascal","Caesar Salad mit Hähnchen mediterran","Abendessen","true","Caesar Salad mit Hähnchen mediterran – ein gesundes, hausgemachtes Gericht für zwei Personen.","12","0","2","einfach","haehnchen","salat","[{""name"":""Hähnchenbrust"",""amount"":300,""unit"":""g"",""category"":""fleisch""},{""name"":""Salat"",""amount"":150,""unit"":""g"",""category"":""gemuese""},{""name"":""Parmesan"",""amount"":2,""unit"":""Stück"",""category"":""milchprodukte""},{""name"":""Croutons"",""amount"":2,""unit"":""Stück"",""category"":""getreide""},{""name"":""Olivenöl"",""amount"":2,""unit"":""EL"",""category"":""sonstiges""},{""name"":""Salz & Pfeffer"",""amount"":1,""unit"":""Prise"",""category"":""gewuerze""}]","[""Alle Zutaten vorbereiten und schneiden."",""Fleisch würzen und in der Pfanne/Ofen garen."",""Weitere Zutaten hinzufügen und nach Rezeptart zubereiten."",""Anrichten und sofort servieren.""]","{""calories"":292,""protein"":32,""carbs"":22,""fat"":14,""fiber"":2}","[""salat"",""haehnchen"",""mediterran""]"
"r064","clara-pascal","Rindfleischsalat mediterran","Abendessen","true","Rindfleischsalat mediterran – ein gesundes, hausgemachtes Gericht für zwei Personen.","13","0","2","einfach","rind","salat","[{""name"":""Rinderhackfleisch"",""amount"":350,""unit"":""g"",""category"":""fleisch""},{""name"":""Salat"",""amount"":150,""unit"":""g"",""category"":""gemuese""},{""name"":""Tomaten"",""amount"":2,""unit"":""Stück"",""category"":""gemuese""},{""name"":""Gurke"",""amount"":2,""unit"":""Stück"",""category"":""gemuese""},{""name"":""Olivenöl"",""amount"":2,""unit"":""EL"",""category"":""sonstiges""},{""name"":""Salz & Pfeffer"",""amount"":1,""unit"":""Prise"",""category"":""gewuerze""}]","[""Alle Zutaten vorbereiten und schneiden."",""Fleisch würzen und in der Pfanne/Ofen garen."",""Weitere Zutaten hinzufügen und nach Rezeptart zubereiten."",""Anrichten und sofort servieren.""]","{""calories"":293,""protein"":33,""carbs"":23,""fat"":15,""fiber"":3}","[""salat"",""rind"",""mediterran""]"
"r065","clara-pascal","Paprika-Tomaten-Salat mediterran","Abendessen","true","Paprika-Tomaten-Salat mediterran – ein gesundes, hausgemachtes Gericht für zwei Personen.","14","0","2","einfach","keins","salat","[{""name"":""Paprika"",""amount"":2,""unit"":""Stück"",""category"":""gemuese""},{""name"":""Tomaten"",""amount"":2,""unit"":""Stück"",""category"":""gemuese""},{""name"":""Zwiebel"",""amount"":2,""unit"":""Stück"",""category"":""gemuese""},{""name"":""Olivenöl"",""amount"":2,""unit"":""EL"",""category"":""sonstiges""},{""name"":""Salz & Pfeffer"",""amount"":1,""unit"":""Prise"",""category"":""gewuerze""}]","[""Alle Zutaten vorbereiten und schneiden."",""Gemüse vorbereiten und würzen."",""Weitere Zutaten hinzufügen und nach Rezeptart zubereiten."",""Anrichten und sofort servieren.""]","{""calories"":294,""protein"":34,""carbs"":24,""fat"":16,""fiber"":4}","[""salat"",""vegetarisch"",""mediterran""]"
"r066","clara-pascal","Hähnchen-Avocado-Salat mediterran","Abendessen","true","Hähnchen-Avocado-Salat mediterran – ein gesundes, hausgemachtes Gericht für zwei Personen.","15","0","2","einfach","haehnchen","salat","[{""name"":""Hähnchenbrust"",""amount"":300,""unit"":""g"",""category"":""fleisch""},{""name"":""Avocado"",""amount"":2,""unit"":""Stück"",""category"":""gemuese""},{""name"":""Salat"",""amount"":150,""unit"":""g"",""category"":""gemuese""},{""name"":""Tomaten"",""amount"":2,""unit"":""Stück"",""category"":""gemuese""},{""name"":""Olivenöl"",""amount"":2,""unit"":""EL"",""category"":""sonstiges""},{""name"":""Salz & Pfeffer"",""amount"":1,""unit"":""Prise"",""category"":""gewuerze""}]","[""Alle Zutaten vorbereiten und schneiden."",""Fleisch würzen und in der Pfanne/Ofen garen."",""Weitere Zutaten hinzufügen und nach Rezeptart zubereiten."",""Anrichten und sofort servieren.""]","{""calories"":295,""protein"":35,""carbs"":25,""fat"":17,""fiber"":5}","[""salat"",""haehnchen"",""mediterran""]"
"r067","clara-pascal","Kartoffelsalat klassisch mediterran","Abendessen","true","Kartoffelsalat klassisch mediterran – ein gesundes, hausgemachtes Gericht für zwei Personen.","16","0","2","einfach","keins","salat","[{""name"":""Kartoffeln"",""amount"":2,""unit"":""Stück"",""category"":""getreide""},{""name"":""Gurke"",""amount"":2,""unit"":""Stück"",""category"":""gemuese""},{""name"":""Zwiebel"",""amount"":2,""unit"":""Stück"",""category"":""gemuese""},{""name"":""Olivenöl"",""amount"":2,""unit"":""EL"",""category"":""sonstiges""},{""name"":""Salz & Pfeffer"",""amount"":1,""unit"":""Prise"",""category"":""gewuerze""}]","[""Alle Zutaten vorbereiten und schneiden."",""Gemüse vorbereiten und würzen."",""Weitere Zutaten hinzufügen und nach Rezeptart zubereiten."",""Anrichten und sofort servieren.""]","{""calories"":296,""protein"":36,""carbs"":26,""fat"":18,""fiber"":6}","[""salat"",""vegetarisch"",""mediterran""]"
"r068","clara-pascal","Wurstsalat mediterran","Abendessen","true","Wurstsalat mediterran – ein gesundes, hausgemachtes Gericht für zwei Personen.","17","0","2","einfach","schwein","salat","[{""name"":""Schweinefleisch"",""amount"":400,""unit"":""g"",""category"":""fleisch""},{""name"":""Gurke"",""amount"":2,""unit"":""Stück"",""category"":""gemuese""},{""name"":""Zwiebel"",""amount"":2,""unit"":""Stück"",""category"":""gemuese""},{""name"":""Olivenöl"",""amount"":2,""unit"":""EL"",""category"":""sonstiges""},{""name"":""Salz & Pfeffer"",""amount"":1,""unit"":""Prise"",""category"":""gewuerze""}]","[""Alle Zutaten vorbereiten und schneiden."",""Fleisch würzen und in der Pfanne/Ofen garen."",""Weitere Zutaten hinzufügen und nach Rezeptart zubereiten."",""Anrichten und sofort servieren.""]","{""calories"":297,""protein"":37,""carbs"":27,""fat"":19,""fiber"":7}","[""salat"",""schwein"",""mediterran""]"
"r069","clara-pascal","Salat mit Rinderstreifen mediterran","Abendessen","true","Salat mit Rinderstreifen mediterran – ein gesundes, hausgemachtes Gericht für zwei Personen.","18","0","2","einfach","rind","salat","[{""name"":""Rinderhackfleisch"",""amount"":300,""unit"":""g"",""category"":""fleisch""},{""name"":""Salat"",""amount"":150,""unit"":""g"",""category"":""gemuese""},{""name"":""Tomaten"",""amount"":2,""unit"":""Stück"",""category"":""gemuese""},{""name"":""Paprika"",""amount"":2,""unit"":""Stück"",""category"":""gemuese""},{""name"":""Olivenöl"",""amount"":2,""unit"":""EL"",""category"":""sonstiges""},{""name"":""Salz & Pfeffer"",""amount"":1,""unit"":""Prise"",""category"":""gewuerze""}]","[""Alle Zutaten vorbereiten und schneiden."",""Fleisch würzen und in der Pfanne/Ofen garen."",""Weitere Zutaten hinzufügen und nach Rezeptart zubereiten."",""Anrichten und sofort servieren.""]","{""calories"":298,""protein"":38,""carbs"":28,""fat"":20,""fiber"":2}","[""salat"",""rind"",""mediterran""]"
"r070","clara-pascal","Sommersalat mit Obst mediterran","Abendessen","true","Sommersalat mit Obst mediterran – ein gesundes, hausgemachtes Gericht für zwei Personen.","19","0","2","einfach","keins","salat","[{""name"":""Salat"",""amount"":150,""unit"":""g"",""category"":""gemuese""},{""name"":""Apfel"",""amount"":2,""unit"":""Stück"",""category"":""obst""},{""name"":""Trauben"",""amount"":2,""unit"":""Stück"",""category"":""obst""},{""name"":""Olivenöl"",""amount"":2,""unit"":""EL"",""category"":""sonstiges""},{""name"":""Salz & Pfeffer"",""amount"":1,""unit"":""Prise"",""category"":""gewuerze""}]","[""Alle Zutaten vorbereiten und schneiden."",""Gemüse vorbereiten und würzen."",""Weitere Zutaten hinzufügen und nach Rezeptart zubereiten."",""Anrichten und sofort servieren.""]","{""calories"":299,""protein"":39,""carbs"":29,""fat"":21,""fiber"":3}","[""salat"",""vegetarisch"",""mediterran""]"
"r071","clara-pascal","Tomatensuppe cremig mediterran","Abendessen","true","Tomatensuppe cremig mediterran – ein gesundes, hausgemachtes Gericht für zwei Personen.","20","35","2","einfach","keins","suppe","[{""name"":""Tomaten"",""amount"":2,""unit"":""Stück"",""category"":""gemuese""},{""name"":""Sahne"",""amount"":2,""unit"":""Stück"",""category"":""milchprodukte""},{""name"":""Basilikum"",""amount"":2,""unit"":""Stück"",""category"":""gewuerze""},{""name"":""Olivenöl"",""amount"":2,""unit"":""EL"",""category"":""sonstiges""},{""name"":""Salz & Pfeffer"",""amount"":1,""unit"":""Prise"",""category"":""gewuerze""}]","[""Alle Zutaten vorbereiten und schneiden."",""Gemüse vorbereiten und würzen."",""Weitere Zutaten hinzufügen und nach Rezeptart zubereiten."",""Anrichten und sofort servieren.""]","{""calories"":300,""protein"":15,""carbs"":30,""fat"":22,""fiber"":4}","[""suppe"",""vegetarisch"",""mediterran""]"
"r072","clara-pascal","Hähnchensuppe mit Nudeln mediterran","Abendessen","true","Hähnchensuppe mit Nudeln mediterran – ein gesundes, hausgemachtes Gericht für zwei Personen.","21","36","2","einfach","haehnchen","suppe","[{""name"":""Hähnchenbrust"",""amount"":300,""unit"":""g"",""category"":""fleisch""},{""name"":""Karotten"",""amount"":2,""unit"":""Stück"",""category"":""gemuese""},{""name"":""Sellerie"",""amount"":2,""unit"":""Stück"",""category"":""gemuese""},{""name"":""Nudeln"",""amount"":2,""unit"":""Stück"",""category"":""getreide""},{""name"":""Olivenöl"",""amount"":2,""unit"":""EL"",""category"":""sonstiges""},{""name"":""Salz & Pfeffer"",""amount"":1,""unit"":""Prise"",""category"":""gewuerze""}]","[""Alle Zutaten vorbereiten und schneiden."",""Fleisch würzen und in der Pfanne/Ofen garen."",""Weitere Zutaten hinzufügen und nach Rezeptart zubereiten."",""Anrichten und sofort servieren.""]","{""calories"":301,""protein"":16,""carbs"":31,""fat"":23,""fiber"":5}","[""suppe"",""haehnchen"",""mediterran""]"
"r073","clara-pascal","Kartoffelsuppe mediterran","Abendessen","true","Kartoffelsuppe mediterran – ein gesundes, hausgemachtes Gericht für zwei Personen.","22","37","2","einfach","keins","suppe","[{""name"":""Kartoffeln"",""amount"":2,""unit"":""Stück"",""category"":""getreide""},{""name"":""Zwiebel"",""amount"":2,""unit"":""Stück"",""category"":""gemuese""},{""name"":""Sahne"",""amount"":2,""unit"":""Stück"",""category"":""milchprodukte""},{""name"":""Olivenöl"",""amount"":2,""unit"":""EL"",""category"":""sonstiges""},{""name"":""Salz & Pfeffer"",""amount"":1,""unit"":""Prise"",""category"":""gewuerze""}]","[""Alle Zutaten vorbereiten und schneiden."",""Gemüse vorbereiten und würzen."",""Weitere Zutaten hinzufügen und nach Rezeptart zubereiten."",""Anrichten und sofort servieren.""]","{""calories"":302,""protein"":17,""carbs"":32,""fat"":24,""fiber"":6}","[""suppe"",""vegetarisch"",""mediterran""]"
"r074","clara-pascal","Rinderkraftbrühe mit Einlage mediterran","Abendessen","true","Rinderkraftbrühe mit Einlage mediterran – ein gesundes, hausgemachtes Gericht für zwei Personen.","23","38","2","einfach","rind","suppe","[{""name"":""Rinderhackfleisch"",""amount"":400,""unit"":""g"",""category"":""fleisch""},{""name"":""Karotten"",""amount"":2,""unit"":""Stück"",""category"":""gemuese""},{""name"":""Sellerie"",""amount"":2,""unit"":""Stück"",""category"":""gemuese""},{""name"":""Nudeln"",""amount"":2,""unit"":""Stück"",""category"":""getreide""},{""name"":""Olivenöl"",""amount"":2,""unit"":""EL"",""category"":""sonstiges""},{""name"":""Salz & Pfeffer"",""amount"":1,""unit"":""Prise"",""category"":""gewuerze""}]","[""Alle Zutaten vorbereiten und schneiden."",""Fleisch würzen und in der Pfanne/Ofen garen."",""Weitere Zutaten hinzufügen und nach Rezeptart zubereiten."",""Anrichten und sofort servieren.""]","{""calories"":303,""protein"":18,""carbs"":33,""fat"":25,""fiber"":7}","[""suppe"",""rind"",""mediterran""]"
"r075","clara-pascal","Gulaschsuppe mediterran","Abendessen","true","Gulaschsuppe mediterran – ein gesundes, hausgemachtes Gericht für zwei Personen.","24","39","2","einfach","rind","suppe","[{""name"":""Rinderhackfleisch"",""amount"":300,""unit"":""g"",""category"":""fleisch""},{""name"":""Paprika"",""amount"":2,""unit"":""Stück"",""category"":""gemuese""},{""name"":""Tomaten"",""amount"":2,""unit"":""Stück"",""category"":""gemuese""},{""name"":""Kartoffeln"",""amount"":2,""unit"":""Stück"",""category"":""getreide""},{""name"":""Olivenöl"",""amount"":2,""unit"":""EL"",""category"":""sonstiges""},{""name"":""Salz & Pfeffer"",""amount"":1,""unit"":""Prise"",""category"":""gewuerze""}]","[""Alle Zutaten vorbereiten und schneiden."",""Fleisch würzen und in der Pfanne/Ofen garen."",""Weitere Zutaten hinzufügen und nach Rezeptart zubereiten."",""Anrichten und sofort servieren.""]","{""calories"":304,""protein"":19,""carbs"":34,""fat"":8,""fiber"":2}","[""suppe"",""rind"",""mediterran""]"
"r076","clara-pascal","Gemüsesuppe mediterran mediterran","Abendessen","true","Gemüsesuppe mediterran mediterran – ein gesundes, hausgemachtes Gericht für zwei Personen.","25","40","2","einfach","keins","suppe","[{""name"":""Tomaten"",""amount"":2,""unit"":""Stück"",""category"":""gemuese""},{""name"":""Zucchini"",""amount"":2,""unit"":""Stück"",""category"":""gemuese""},{""name"":""Paprika"",""amount"":2,""unit"":""Stück"",""category"":""gemuese""},{""name"":""Olivenöl"",""amount"":2,""unit"":""EL"",""category"":""sonstiges""},{""name"":""Salz & Pfeffer"",""amount"":1,""unit"":""Prise"",""category"":""gewuerze""}]","[""Alle Zutaten vorbereiten und schneiden."",""Gemüse vorbereiten und würzen."",""Weitere Zutaten hinzufügen und nach Rezeptart zubereiten."",""Anrichten und sofort servieren.""]","{""calories"":305,""protein"":20,""carbs"":35,""fat"":9,""fiber"":3}","[""suppe"",""vegetarisch"",""mediterran""]"
"r077","clara-pascal","Hähnchen-Kartoffel-Suppe mediterran","Abendessen","true","Hähnchen-Kartoffel-Suppe mediterran – ein gesundes, hausgemachtes Gericht für zwei Personen.","26","41","2","mittel","haehnchen","suppe","[{""name"":""Hähnchenbrust"",""amount"":400,""unit"":""g"",""category"":""fleisch""},{""name"":""Kartoffeln"",""amount"":2,""unit"":""Stück"",""category"":""getreide""},{""name"":""Karotten"",""amount"":2,""unit"":""Stück"",""category"":""gemuese""},{""name"":""Olivenöl"",""amount"":2,""unit"":""EL"",""category"":""sonstiges""},{""name"":""Salz & Pfeffer"",""amount"":1,""unit"":""Prise"",""category"":""gewuerze""}]","[""Alle Zutaten vorbereiten und schneiden."",""Fleisch würzen und in der Pfanne/Ofen garen."",""Weitere Zutaten hinzufügen und nach Rezeptart zubereiten."",""Anrichten und sofort servieren.""]","{""calories"":306,""protein"":21,""carbs"":36,""fat"":10,""fiber"":4}","[""suppe"",""haehnchen"",""mediterran""]"
"r078","clara-pascal","Linsensuppe (ohne Erbsen) mediterran","Abendessen","true","Linsensuppe (ohne Erbsen) mediterran – ein gesundes, hausgemachtes Gericht für zwei Personen.","27","42","2","mittel","keins","suppe","[{""name"":""Linsen"",""amount"":2,""unit"":""Stück"",""category"":""getreide""},{""name"":""Karotten"",""amount"":2,""unit"":""Stück"",""category"":""gemuese""},{""name"":""Tomaten"",""amount"":2,""unit"":""Stück"",""category"":""gemuese""},{""name"":""Olivenöl"",""amount"":2,""unit"":""EL"",""category"":""sonstiges""},{""name"":""Salz & Pfeffer"",""amount"":1,""unit"":""Prise"",""category"":""gewuerze""}]","[""Alle Zutaten vorbereiten und schneiden."",""Gemüse vorbereiten und würzen."",""Weitere Zutaten hinzufügen und nach Rezeptart zubereiten."",""Anrichten und sofort servieren.""]","{""calories"":307,""protein"":22,""carbs"":37,""fat"":11,""fiber"":5}","[""suppe"",""vegetarisch"",""mediterran""]"
"r079","clara-pascal","Schweinefleisch-Suppe mediterran","Abendessen","true","Schweinefleisch-Suppe mediterran – ein gesundes, hausgemachtes Gericht für zwei Personen.","28","43","2","mittel","schwein","suppe","[{""name"":""Schweinefleisch"",""amount"":350,""unit"":""g"",""category"":""fleisch""},{""name"":""Kartoffeln"",""amount"":2,""unit"":""Stück"",""category"":""getreide""},{""name"":""Karotten"",""amount"":2,""unit"":""Stück"",""category"":""gemuese""},{""name"":""Olivenöl"",""amount"":2,""unit"":""EL"",""category"":""sonstiges""},{""name"":""Salz & Pfeffer"",""amount"":1,""unit"":""Prise"",""category"":""gewuerze""}]","[""Alle Zutaten vorbereiten und schneiden."",""Fleisch würzen und in der Pfanne/Ofen garen."",""Weitere Zutaten hinzufügen und nach Rezeptart zubereiten."",""Anrichten und sofort servieren.""]","{""calories"":308,""protein"":23,""carbs"":38,""fat"":12,""fiber"":6}","[""suppe"",""schwein"",""mediterran""]"
"r080","clara-pascal","Paprika-Tomaten-Suppe mediterran","Abendessen","true","Paprika-Tomaten-Suppe mediterran – ein gesundes, hausgemachtes Gericht für zwei Personen.","29","44","2","mittel","keins","suppe","[{""name"":""Paprika"",""amount"":2,""unit"":""Stück"",""category"":""gemuese""},{""name"":""Tomaten"",""amount"":2,""unit"":""Stück"",""category"":""gemuese""},{""name"":""Olivenöl"",""amount"":2,""unit"":""EL"",""category"":""sonstiges""},{""name"":""Salz & Pfeffer"",""amount"":1,""unit"":""Prise"",""category"":""gewuerze""}]","[""Alle Zutaten vorbereiten und schneiden."",""Gemüse vorbereiten und würzen."",""Weitere Zutaten hinzufügen und nach Rezeptart zubereiten."",""Anrichten und sofort servieren.""]","{""calories"":309,""protein"":24,""carbs"":39,""fat"":13,""fiber"":7}","[""suppe"",""vegetarisch"",""mediterran""]"
"r081","clara-pascal","Rührei mit Paprika mediterran","Frühstück","true","Rührei mit Paprika mediterran – ein gesundes, hausgemachtes Gericht für zwei Personen.","10","15","2","einfach","keins","fruehstueck","[{""name"":""Eier"",""amount"":2,""unit"":""Stück"",""category"":""milchprodukte""},{""name"":""Paprika"",""amount"":2,""unit"":""Stück"",""category"":""gemuese""},{""name"":""Tomaten"",""amount"":2,""unit"":""Stück"",""category"":""gemuese""},{""name"":""Olivenöl"",""amount"":2,""unit"":""EL"",""category"":""sonstiges""},{""name"":""Salz & Pfeffer"",""amount"":1,""unit"":""Prise"",""category"":""gewuerze""}]","[""Alle Zutaten vorbereiten und schneiden."",""Gemüse vorbereiten und würzen."",""Weitere Zutaten hinzufügen und nach Rezeptart zubereiten."",""Anrichten und sofort servieren.""]","{""calories"":310,""protein"":25,""carbs"":40,""fat"":14,""fiber"":2}","[""fruehstueck"",""vegetarisch"",""mediterran""]"
"r082","clara-pascal","Haferflocken mit Apfel mediterran","Frühstück","true","Haferflocken mit Apfel mediterran – ein gesundes, hausgemachtes Gericht für zwei Personen.","11","16","2","einfach","keins","fruehstueck","[{""name"":""Haferflocken"",""amount"":2,""unit"":""Stück"",""category"":""getreide""},{""name"":""Apfel"",""amount"":2,""unit"":""Stück"",""category"":""obst""},{""name"":""Zimt"",""amount"":2,""unit"":""Stück"",""category"":""gewuerze""},{""name"":""Olivenöl"",""amount"":2,""unit"":""EL"",""category"":""sonstiges""},{""name"":""Salz & Pfeffer"",""amount"":1,""unit"":""Prise"",""category"":""gewuerze""}]","[""Alle Zutaten vorbereiten und schneiden."",""Gemüse vorbereiten und würzen."",""Weitere Zutaten hinzufügen und nach Rezeptart zubereiten."",""Anrichten und sofort servieren.""]","{""calories"":311,""protein"":26,""carbs"":41,""fat"":15,""fiber"":3}","[""fruehstueck"",""vegetarisch"",""mediterran""]"
"r083","clara-pascal","French Toast mediterran","Frühstück","true","French Toast mediterran – ein gesundes, hausgemachtes Gericht für zwei Personen.","12","17","2","einfach","keins","fruehstueck","[{""name"":""Brot"",""amount"":2,""unit"":""Stück"",""category"":""getreide""},{""name"":""Eier"",""amount"":2,""unit"":""Stück"",""category"":""milchprodukte""},{""name"":""Zimt"",""amount"":2,""unit"":""Stück"",""category"":""gewuerze""},{""name"":""Olivenöl"",""amount"":2,""unit"":""EL"",""category"":""sonstiges""},{""name"":""Salz & Pfeffer"",""amount"":1,""unit"":""Prise"",""category"":""gewuerze""}]","[""Alle Zutaten vorbereiten und schneiden."",""Gemüse vorbereiten und würzen."",""Weitere Zutaten hinzufügen und nach Rezeptart zubereiten."",""Anrichten und sofort servieren.""]","{""calories"":312,""protein"":27,""carbs"":42,""fat"":16,""fiber"":4}","[""fruehstueck"",""vegetarisch"",""mediterran""]"
"r084","clara-pascal","Joghurt mit Beeren mediterran","Frühstück","true","Joghurt mit Beeren mediterran – ein gesundes, hausgemachtes Gericht für zwei Personen.","13","18","2","einfach","keins","fruehstueck","[{""name"":""Joghurt"",""amount"":2,""unit"":""Stück"",""category"":""milchprodukte""},{""name"":""Himbeeren"",""amount"":2,""unit"":""Stück"",""category"":""obst""},{""name"":""Blaubeeren"",""amount"":2,""unit"":""Stück"",""category"":""obst""},{""name"":""Olivenöl"",""amount"":2,""unit"":""EL"",""category"":""sonstiges""},{""name"":""Salz & Pfeffer"",""amount"":1,""unit"":""Prise"",""category"":""gewuerze""}]","[""Alle Zutaten vorbereiten und schneiden."",""Gemüse vorbereiten und würzen."",""Weitere Zutaten hinzufügen und nach Rezeptart zubereiten."",""Anrichten und sofort servieren.""]","{""calories"":313,""protein"":28,""carbs"":43,""fat"":17,""fiber"":5}","[""fruehstueck"",""vegetarisch"",""mediterran""]"
"r085","clara-pascal","Omelett mit Schinken mediterran","Frühstück","true","Omelett mit Schinken mediterran – ein gesundes, hausgemachtes Gericht für zwei Personen.","14","19","2","einfach","schwein","fruehstueck","[{""name"":""Schweinefleisch"",""amount"":350,""unit"":""g"",""category"":""fleisch""},{""name"":""Eier"",""amount"":2,""unit"":""Stück"",""category"":""milchprodukte""},{""name"":""Schinken"",""amount"":2,""unit"":""Stück"",""category"":""fleisch""},{""name"":""Paprika"",""amount"":2,""unit"":""Stück"",""category"":""gemuese""},{""name"":""Olivenöl"",""amount"":2,""unit"":""EL"",""category"":""sonstiges""},{""name"":""Salz & Pfeffer"",""amount"":1,""unit"":""Prise"",""category"":""gewuerze""}]","[""Alle Zutaten vorbereiten und schneiden."",""Fleisch würzen und in der Pfanne/Ofen garen."",""Weitere Zutaten hinzufügen und nach Rezeptart zubereiten."",""Anrichten und sofort servieren.""]","{""calories"":314,""protein"":29,""carbs"":44,""fat"":18,""fiber"":6}","[""fruehstueck"",""schwein"",""mediterran""]"
"r086","clara-pascal","Smoothie Bowl mediterran","Frühstück","true","Smoothie Bowl mediterran – ein gesundes, hausgemachtes Gericht für zwei Personen.","15","20","2","einfach","keins","fruehstueck","[{""name"":""Banane"",""amount"":2,""unit"":""Stück"",""category"":""obst""},{""name"":""Beeren"",""amount"":2,""unit"":""Stück"",""category"":""obst""},{""name"":""Joghurt"",""amount"":2,""unit"":""Stück"",""category"":""milchprodukte""},{""name"":""Olivenöl"",""amount"":2,""unit"":""EL"",""category"":""sonstiges""},{""name"":""Salz & Pfeffer"",""amount"":1,""unit"":""Prise"",""category"":""gewuerze""}]","[""Alle Zutaten vorbereiten und schneiden."",""Gemüse vorbereiten und würzen."",""Weitere Zutaten hinzufügen und nach Rezeptart zubereiten."",""Anrichten und sofort servieren.""]","{""calories"":315,""protein"":30,""carbs"":45,""fat"":19,""fiber"":7}","[""fruehstueck"",""vegetarisch"",""mediterran""]"
"r087","clara-pascal","Avocado-Toast mediterran","Frühstück","true","Avocado-Toast mediterran – ein gesundes, hausgemachtes Gericht für zwei Personen.","16","21","2","einfach","keins","fruehstueck","[{""name"":""Avocado"",""amount"":2,""unit"":""Stück"",""category"":""gemuese""},{""name"":""Brot"",""amount"":2,""unit"":""Stück"",""category"":""getreide""},{""name"":""Tomaten"",""amount"":2,""unit"":""Stück"",""category"":""gemuese""},{""name"":""Olivenöl"",""amount"":2,""unit"":""EL"",""category"":""sonstiges""},{""name"":""Salz & Pfeffer"",""amount"":1,""unit"":""Prise"",""category"":""gewuerze""}]","[""Alle Zutaten vorbereiten und schneiden."",""Gemüse vorbereiten und würzen."",""Weitere Zutaten hinzufügen und nach Rezeptart zubereiten."",""Anrichten und sofort servieren.""]","{""calories"":316,""protein"":31,""carbs"":46,""fat"":20,""fiber"":2}","[""fruehstueck"",""vegetarisch"",""mediterran""]"
"r088","clara-pascal","Pancakes klassisch mediterran","Frühstück","true","Pancakes klassisch mediterran – ein gesundes, hausgemachtes Gericht für zwei Personen.","17","22","2","einfach","keins","fruehstueck","[{""name"":""Mehl"",""amount"":2,""unit"":""Stück"",""category"":""getreide""},{""name"":""Eier"",""amount"":2,""unit"":""Stück"",""category"":""milchprodukte""},{""name"":""Milch"",""amount"":2,""unit"":""Stück"",""category"":""milchprodukte""},{""name"":""Olivenöl"",""amount"":2,""unit"":""EL"",""category"":""sonstiges""},{""name"":""Salz & Pfeffer"",""amount"":1,""unit"":""Prise"",""category"":""gewuerze""}]","[""Alle Zutaten vorbereiten und schneiden."",""Gemüse vorbereiten und würzen."",""Weitere Zutaten hinzufügen und nach Rezeptart zubereiten."",""Anrichten und sofort servieren.""]","{""calories"":317,""protein"":32,""carbs"":47,""fat"":21,""fiber"":3}","[""fruehstueck"",""vegetarisch"",""mediterran""]"
"r089","clara-pascal","Müsli mit Obst mediterran","Frühstück","true","Müsli mit Obst mediterran – ein gesundes, hausgemachtes Gericht für zwei Personen.","18","23","2","einfach","keins","fruehstueck","[{""name"":""Haferflocken"",""amount"":2,""unit"":""Stück"",""category"":""getreide""},{""name"":""Apfel"",""amount"":2,""unit"":""Stück"",""category"":""obst""},{""name"":""Banane"",""amount"":2,""unit"":""Stück"",""category"":""obst""},{""name"":""Olivenöl"",""amount"":2,""unit"":""EL"",""category"":""sonstiges""},{""name"":""Salz & Pfeffer"",""amount"":1,""unit"":""Prise"",""category"":""gewuerze""}]","[""Alle Zutaten vorbereiten und schneiden."",""Gemüse vorbereiten und würzen."",""Weitere Zutaten hinzufügen und nach Rezeptart zubereiten."",""Anrichten und sofort servieren.""]","{""calories"":318,""protein"":33,""carbs"":48,""fat"":22,""fiber"":4}","[""fruehstueck"",""vegetarisch"",""mediterran""]"
"r090","clara-pascal","Rührei mit Speck mediterran","Frühstück","true","Rührei mit Speck mediterran – ein gesundes, hausgemachtes Gericht für zwei Personen.","19","24","2","einfach","schwein","fruehstueck","[{""name"":""Schweinefleisch"",""amount"":300,""unit"":""g"",""category"":""fleisch""},{""name"":""Eier"",""amount"":2,""unit"":""Stück"",""category"":""milchprodukte""},{""name"":""Speck"",""amount"":2,""unit"":""Stück"",""category"":""fleisch""},{""name"":""Olivenöl"",""amount"":2,""unit"":""EL"",""category"":""sonstiges""},{""name"":""Salz & Pfeffer"",""amount"":1,""unit"":""Prise"",""category"":""gewuerze""}]","[""Alle Zutaten vorbereiten und schneiden."",""Fleisch würzen und in der Pfanne/Ofen garen."",""Weitere Zutaten hinzufügen und nach Rezeptart zubereiten."",""Anrichten und sofort servieren.""]","{""calories"":319,""protein"":34,""carbs"":49,""fat"":23,""fiber"":5}","[""fruehstueck"",""schwein"",""mediterran""]"
"r091","clara-pascal","Kartoffel-Hack-Auflauf klassisch","Abendessen","true","Kartoffel-Hack-Auflauf klassisch – ein gesundes, hausgemachtes Gericht für zwei Personen.","20","25","2","einfach","rind","auflauf","[{""name"":""Rinderhackfleisch"",""amount"":350,""unit"":""g"",""category"":""fleisch""},{""name"":""Kartoffeln"",""amount"":2,""unit"":""Stück"",""category"":""getreide""},{""name"":""Zwiebel"",""amount"":2,""unit"":""Stück"",""category"":""gemuese""},{""name"":""Paprika"",""amount"":2,""unit"":""Stück"",""category"":""gemuese""},{""name"":""Olivenöl"",""amount"":2,""unit"":""EL"",""category"":""sonstiges""},{""name"":""Salz & Pfeffer"",""amount"":1,""unit"":""Prise"",""category"":""gewuerze""}]","[""Alle Zutaten vorbereiten und schneiden."",""Fleisch würzen und in der Pfanne/Ofen garen."",""Weitere Zutaten hinzufügen und nach Rezeptart zubereiten."",""Anrichten und sofort servieren.""]","{""calories"":320,""protein"":35,""carbs"":50,""fat"":24,""fiber"":6}","[""auflauf"",""rind"",""klassisch""]"
"r092","clara-pascal","Zucchini-Tomaten-Auflauf klassisch","Abendessen","true","Zucchini-Tomaten-Auflauf klassisch – ein gesundes, hausgemachtes Gericht für zwei Personen.","21","26","2","einfach","keins","auflauf","[{""name"":""Zucchini"",""amount"":2,""unit"":""Stück"",""category"":""gemuese""},{""name"":""Tomaten"",""amount"":2,""unit"":""Stück"",""category"":""gemuese""},{""name"":""Zwiebel"",""amount"":2,""unit"":""Stück"",""category"":""gemuese""},{""name"":""Olivenöl"",""amount"":2,""unit"":""EL"",""category"":""sonstiges""},{""name"":""Salz & Pfeffer"",""amount"":1,""unit"":""Prise"",""category"":""gewuerze""}]","[""Alle Zutaten vorbereiten und schneiden."",""Gemüse vorbereiten und würzen."",""Weitere Zutaten hinzufügen und nach Rezeptart zubereiten."",""Anrichten und sofort servieren.""]","{""calories"":321,""protein"":36,""carbs"":51,""fat"":25,""fiber"":7}","[""auflauf"",""vegetarisch"",""klassisch""]"
"r093","clara-pascal","Hähnchen-Reis-Auflauf klassisch","Abendessen","true","Hähnchen-Reis-Auflauf klassisch – ein gesundes, hausgemachtes Gericht für zwei Personen.","22","27","2","einfach","haehnchen","auflauf","[{""name"":""Hähnchenbrust"",""amount"":300,""unit"":""g"",""category"":""fleisch""},{""name"":""Reis"",""amount"":2,""unit"":""Stück"",""category"":""getreide""},{""name"":""Paprika"",""amount"":2,""unit"":""Stück"",""category"":""gemuese""},{""name"":""Tomaten"",""amount"":2,""unit"":""Stück"",""category"":""gemuese""},{""name"":""Olivenöl"",""amount"":2,""unit"":""EL"",""category"":""sonstiges""},{""name"":""Salz & Pfeffer"",""amount"":1,""unit"":""Prise"",""category"":""gewuerze""}]","[""Alle Zutaten vorbereiten und schneiden."",""Fleisch würzen und in der Pfanne/Ofen garen."",""Weitere Zutaten hinzufügen und nach Rezeptart zubereiten."",""Anrichten und sofort servieren.""]","{""calories"":322,""protein"":37,""carbs"":52,""fat"":8,""fiber"":2}","[""auflauf"",""haehnchen"",""klassisch""]"
"r094","clara-pascal","Nudel-Schinken-Auflauf klassisch","Abendessen","true","Nudel-Schinken-Auflauf klassisch – ein gesundes, hausgemachtes Gericht für zwei Personen.","23","28","2","einfach","schwein","auflauf","[{""name"":""Schweinefleisch"",""amount"":350,""unit"":""g"",""category"":""fleisch""},{""name"":""Nudeln"",""amount"":2,""unit"":""Stück"",""category"":""getreide""},{""name"":""Tomaten"",""amount"":2,""unit"":""Stück"",""category"":""gemuese""},{""name"":""Olivenöl"",""amount"":2,""unit"":""EL"",""category"":""sonstiges""},{""name"":""Salz & Pfeffer"",""amount"":1,""unit"":""Prise"",""category"":""gewuerze""}]","[""Alle Zutaten vorbereiten und schneiden."",""Fleisch würzen und in der Pfanne/Ofen garen."",""Weitere Zutaten hinzufügen und nach Rezeptart zubereiten."",""Anrichten und sofort servieren.""]","{""calories"":323,""protein"":38,""carbs"":53,""fat"":9,""fiber"":3}","[""auflauf"",""schwein"",""klassisch""]"
"r095","clara-pascal","Kartoffel-Schweinehack-Gratin klassisch","Abendessen","true","Kartoffel-Schweinehack-Gratin klassisch – ein gesundes, hausgemachtes Gericht für zwei Personen.","24","29","2","einfach","schwein","auflauf","[{""name"":""Schweinefleisch"",""amount"":400,""unit"":""g"",""category"":""fleisch""},{""name"":""Kartoffeln"",""amount"":2,""unit"":""Stück"",""category"":""getreide""},{""name"":""Sahne"",""amount"":2,""unit"":""Stück"",""category"":""milchprodukte""},{""name"":""Olivenöl"",""amount"":2,""unit"":""EL"",""category"":""sonstiges""},{""name"":""Salz & Pfeffer"",""amount"":1,""unit"":""Prise"",""category"":""gewuerze""}]","[""Alle Zutaten vorbereiten und schneiden."",""Fleisch würzen und in der Pfanne/Ofen garen."",""Weitere Zutaten hinzufügen und nach Rezeptart zubereiten."",""Anrichten und sofort servieren.""]","{""calories"":324,""protein"":39,""carbs"":54,""fat"":10,""fiber"":4}","[""auflauf"",""schwein"",""klassisch""]"
"r096","clara-pascal","Rindfleisch-Kartoffel-Auflauf klassisch","Abendessen","true","Rindfleisch-Kartoffel-Auflauf klassisch – ein gesundes, hausgemachtes Gericht für zwei Personen.","25","30","2","einfach","rind","auflauf","[{""name"":""Rinderhackfleisch"",""amount"":300,""unit"":""g"",""category"":""fleisch""},{""name"":""Kartoffeln"",""amount"":2,""unit"":""Stück"",""category"":""getreide""},{""name"":""Karotten"",""amount"":2,""unit"":""Stück"",""category"":""gemuese""},{""name"":""Olivenöl"",""amount"":2,""unit"":""EL"",""category"":""sonstiges""},{""name"":""Salz & Pfeffer"",""amount"":1,""unit"":""Prise"",""category"":""gewuerze""}]","[""Alle Zutaten vorbereiten und schneiden."",""Fleisch würzen und in der Pfanne/Ofen garen."",""Weitere Zutaten hinzufügen und nach Rezeptart zubereiten."",""Anrichten und sofort servieren.""]","{""calories"":325,""protein"":15,""carbs"":55,""fat"":11,""fiber"":5}","[""auflauf"",""rind"",""klassisch""]"
"r097","clara-pascal","Paprika-Reis-Auflauf klassisch","Abendessen","true","Paprika-Reis-Auflauf klassisch – ein gesundes, hausgemachtes Gericht für zwei Personen.","26","31","2","einfach","haehnchen","auflauf","[{""name"":""Hähnchenbrust"",""amount"":350,""unit"":""g"",""category"":""fleisch""},{""name"":""Reis"",""amount"":2,""unit"":""Stück"",""category"":""getreide""},{""name"":""Paprika"",""amount"":2,""unit"":""Stück"",""category"":""gemuese""},{""name"":""Tomaten"",""amount"":2,""unit"":""Stück"",""category"":""gemuese""},{""name"":""Olivenöl"",""amount"":2,""unit"":""EL"",""category"":""sonstiges""},{""name"":""Salz & Pfeffer"",""amount"":1,""unit"":""Prise"",""category"":""gewuerze""}]","[""Alle Zutaten vorbereiten und schneiden."",""Fleisch würzen und in der Pfanne/Ofen garen."",""Weitere Zutaten hinzufügen und nach Rezeptart zubereiten."",""Anrichten und sofort servieren.""]","{""calories"":326,""protein"":16,""carbs"":56,""fat"":12,""fiber"":6}","[""auflauf"",""haehnchen"",""klassisch""]"
"r098","clara-pascal","Tomaten-Mozzarella-Auflauf klassisch","Abendessen","true","Tomaten-Mozzarella-Auflauf klassisch – ein gesundes, hausgemachtes Gericht für zwei Personen.","27","32","2","einfach","keins","auflauf","[{""name"":""Tomaten"",""amount"":2,""unit"":""Stück"",""category"":""gemuese""},{""name"":""Zucchini"",""amount"":2,""unit"":""Stück"",""category"":""gemuese""},{""name"":""Olivenöl"",""amount"":2,""unit"":""EL"",""category"":""sonstiges""},{""name"":""Salz & Pfeffer"",""amount"":1,""unit"":""Prise"",""category"":""gewuerze""}]","[""Alle Zutaten vorbereiten und schneiden."",""Gemüse vorbereiten und würzen."",""Weitere Zutaten hinzufügen und nach Rezeptart zubereiten."",""Anrichten und sofort servieren.""]","{""calories"":327,""protein"":17,""carbs"":57,""fat"":13,""fiber"":7}","[""auflauf"",""vegetarisch"",""klassisch""]"
"r099","clara-pascal","Hackfleisch-Lasagne-Röllchen klassisch","Abendessen","true","Hackfleisch-Lasagne-Röllchen klassisch – ein gesundes, hausgemachtes Gericht für zwei Personen.","28","33","2","einfach","rind","auflauf","[{""name"":""Rinderhackfleisch"",""amount"":300,""unit"":""g"",""category"":""fleisch""},{""name"":""Lasagneplatten"",""amount"":2,""unit"":""Stück"",""category"":""getreide""},{""name"":""Tomaten"",""amount"":2,""unit"":""Stück"",""category"":""gemuese""},{""name"":""Olivenöl"",""amount"":2,""unit"":""EL"",""category"":""sonstiges""},{""name"":""Salz & Pfeffer"",""amount"":1,""unit"":""Prise"",""category"":""gewuerze""}]","[""Alle Zutaten vorbereiten und schneiden."",""Fleisch würzen und in der Pfanne/Ofen garen."",""Weitere Zutaten hinzufügen und nach Rezeptart zubereiten."",""Anrichten und sofort servieren.""]","{""calories"":328,""protein"":18,""carbs"":58,""fat"":14,""fiber"":2}","[""auflauf"",""rind"",""klassisch""]"
"r100","clara-pascal","Kartoffel-Hähnchen-Gratin klassisch","Abendessen","true","Kartoffel-Hähnchen-Gratin klassisch – ein gesundes, hausgemachtes Gericht für zwei Personen.","29","34","2","einfach","haehnchen","auflauf","[{""name"":""Hähnchenbrust"",""amount"":350,""unit"":""g"",""category"":""fleisch""},{""name"":""Kartoffeln"",""amount"":2,""unit"":""Stück"",""category"":""getreide""},{""name"":""Sahne"",""amount"":2,""unit"":""Stück"",""category"":""milchprodukte""},{""name"":""Olivenöl"",""amount"":2,""unit"":""EL"",""category"":""sonstiges""},{""name"":""Salz & Pfeffer"",""amount"":1,""unit"":""Prise"",""category"":""gewuerze""}]","[""Alle Zutaten vorbereiten und schneiden."",""Fleisch würzen und in der Pfanne/Ofen garen."",""Weitere Zutaten hinzufügen und nach Rezeptart zubereiten."",""Anrichten und sofort servieren.""]","{""calories"":329,""protein"":19,""carbs"":59,""fat"":15,""fiber"":3}","[""auflauf"",""haehnchen"",""klassisch""]"